tag,category,count,alias
1girl,0,4974288,"女の子,女性,少女,girl,おんなのこ,女子,소녀,女孩,姑娘,女,ガール,ガールズイラスト,animegirl"
solo,0,4005860,"ソロ,solo,ひとり"
long_hair,0,3608339,"ロングヘアー,長髪,ロングヘア,黒髪ロング,金髪ロング,长发,長髪けもフレ,茶髪ロング,長い髪,長髪男子,銀髪ロング"
breasts,0,3157499,"おっぱい,極上の乳,大艦巨乳主義,オッパイ,美乳,おっぱいがいっぱい,乳神様,天乳,胸,boobs,胸がぱんぱかぱーん,九九艦爆乳,ダイヤモンドバスト,このおっぱいで聖女は無理でしょ,乳,いいおっぱいの日,乳房,유방,着衣巨乳,tits,どや乳,なのぱい,boob,tit,titties,titty,breast,oppai,boobies,歐派"
looking_at_viewer,0,2903688,カメラ目線
blush,0,2535113,"脸红,赤面,頬染め,///,紅潮"
smile,0,2294308,"笑い,スマイル,笑顔,笑顏,守りたい、この笑顔,笑,笑容,微笑み,微笑,微笑む,미소,守りたいこの笑顔"
open_mouth,0,1906325,"開口,開いた口,口を開ける"
short_hair,0,1629090,"ショートヘア,ショートカット,短髪,黒髪ショート,短发,단발"
simple_background,0,1518705,
large_breasts,0,1471472,"巨乳,美巨乳,大きな乳房,豊乳,着衣巨乳,デカァァァァァいッ説明不要!!,巨乳化,圧倒的胸囲,거유,big_boobs,bigboobs,bigbreasts,big_breast,large_breasts,big_tits,bigtits"
shirt,0,1448937,"シャツ,襯衫,셔츠,衬衫,上衣"
blue_eyes,0,1409152,"blue_eyes,碧眼,青い目,藍眼睛,蓝眼睛,파란눈,金髪碧眼,金髮碧眼,金发碧眼,금발벽안,銀髪碧眼,銀髮碧眼,银发碧眼,은발벽안"
skirt,0,1273613,"スカート,裙,치마"
white_background,0,1265728,白背景
long_sleeves,0,1250530,長袖
blonde_hair,0,1199644,"金髪,金髮,金发,금발,金髪碧眼,金髮碧眼,金发碧眼,금발벽안,金髪ロング,金髪ツインテール,ブロンド"
hair_ornament,0,1190764,"髪飾り,发饰"
black_hair,0,1188777,"黒髪,黒髪ロング,黒髪ショート,黒髪ボブ,黑发,흑발,黒髪赤眼,黑髮赤眼,黑发赤眼,흑발적안,黑髮紅眼,黑发红眼"
brown_hair,0,1147531,"茶髪,茶髪ロング,갈색머리"
multiple_girls,0,1116912,"群像,多女性"
gloves,0,1105296,"手袋,裸手袋,手袋コキ,てぶくろ,장갑,手套"
holding,0,1089329,
navel,0,1067528,"へそ,臍,おへそ,へそ出し,へそチラ,指を突っ込みたいへそ,肚脐,배꼽"
dress,0,1052374,"ドレス,ワンピース服,ワンピ,连衣裙,드레스"
red_eyes,0,1047308,"赤目,赤眼,赤い目,붉은눈,빨간눈,銀髪赤眼,銀髮赤眼,银发赤眼,은발적안,白髮紅眼,白发红眼,黒髪赤眼,黑髮赤眼,黑发赤眼,흑발적안,黑髮紅眼,黑发红眼"
hair_between_eyes,0,1025094,
animal_ears,0,1010004,"獣娘,獣耳,けもみみ,ケモミミ,けものみみ,ケモ耳,獸耳,兽耳"
thighhighs,0,985368,"ニーソックス,ニーソ,ニーハイソックス,ニーハイ,サイハイソックス,过膝袜,长筒袜,大腿袜"
closed_mouth,0,979176,"閉口,口を閉じる"
bow,0,952699,"蝶結び,蝶々結び,蝴蝶结"
cleavage,0,929898,"胸の谷間,魅惑の谷間,けしからん谷間,挟まれたい谷間,乳溝,乳沟,가슴골,谷間,cleavage"
hat,0,898595,"帽子,裸帽子"
bare_shoulders,0,892521,"肩出し,ベアトップ,露肩装,露肩"
original,3,891679,"オリジナル,創作,原創,原创,看板娘,看板息子,自キャラ,オリキャラ,オリジナル艦娘,オリ刀剣,창작,oc,创作,うちの子,うちの娘,オリジナルキャラクター,自作キャラ,Оригинальный,Original,original_character,ออริจินอล,オリジナルフレンズ,オリフレ,原画,オリジナルキャラ,一次創作,創作男女,オリロボ,オリジナルウマ娘,オリソニ,オリメカ,オリジナルイラスト,오리지널,オリキャラ愛の会,ウチの子,自キャラクター,indie_anime,うちのこ,originalcharacter,オリギナル,自创,自創,おりじなる,original,OC,創作男子,my_oc,創作百合,自家孩子,original_art,創作キャラ,創作イラスト,originaldesign,原创插画,オリケモ,oc_artwork,oc_art,ocartwork,ocart,oc_tag,ocs,my_ocs"
1boy,0,887987,"男の子,男,少年,男の娘,長髪男子,男子,boy,animeboy"
jewelry,0,864539,"ジュエリー,宝飾品,アクセサリー,珠宝首饰,珠宝"
ribbon,0,864066,"リボン,리본,丝带,絲帶,缎带,紐タイ"
very_long_hair,0,836973,"超ロングヘア,超长发"
medium_breasts,0,803763,"普通乳,普乳"
sitting,0,789325,"座る,座り,椅子尻"
2girls,0,766897,
standing,0,752769,"立つ,立ち絵"
jacket,0,729208,"ジャケット,上着,夹克"
nipples,0,726995,"乳首,nipples,nipple"
twintails,0,721356,"ツインテール,双马尾,雙馬尾,트윈테일,二つ結い,いいツインテールの日,ツインテ,金髪ツインテール,2つくくり"
collarbone,0,720127,"鎖骨,빗장뼈,锁骨"
white_shirt,0,715876,白いシャツ
underwear,0,706551,"下着,肌着,下着艦娘,白下着,胖次"
purple_eyes,0,685847,"紫目,紫眼"
tail,0,678547,"しっぽ,尻尾,もふりたい尻尾,尾巴"
blue_hair,0,676176,"青髪,青い髪,水色髪"
brown_eyes,0,663616,茶目
green_eyes,0,660136,"翠眼,緑眼,緑目"
touhou,3,651387,"東方,東方project,東方プロジェクト,东方,东方project,東方妖時計,동방,東方MMD,東方うごイラ,東方グラマラス,東方ショタ化,東方好きな人RT,東方版もうひとつの深夜の真剣お絵描き60分一本勝負,東方黄金水,東方緊縛画,東方モータリゼーション,東方対魔忍"
full_body,0,642669,"全身,全身絵,全景镜头"
multicolored_hair,0,603947,多色髪
swimsuit,0,603931,"水着,エロ水着,水着艦娘,泳装,수영복,泳衣,水著,剥ぎ取りたい水着"
upper_body,0,590960,"上半身,中近景镜头"
white_hair,0,588991,白髪
panties,0,581788,"パンティー,パンティ,パンツ,ぱんつ,高品質パンツ,お子様パンツ,剥ぎ取りたいパンツ,嫌パン,こどもぱんつ,女児ぱんつ"
grey_hair,0,574323,"白髪,銀髪,銀髪ロング"
pink_hair,0,573399,"ピンク髪,ピンク髪ロング,ピンクは淫乱"
yellow_eyes,0,572334,"黄色眼,黄色目,黄眼,金眼,金目"
school_uniform,0,566348,"学生服,女子高生,JK,DK,学校制服,制服裸足,せいふく,校服"
sidelocks,0,545271,"もみあげ,横髪,サイドヘア,边落,耳前侧发,鬓发"
ahoge,0,541349,"アホ毛,呆毛"
ass,0,534129,"お尻,尻,尻神様,極上の尻,おしり,ねじ込みたい尻,巨尻,顔を埋めたい尻,魅惑の尻,撫で回したい尻,椅子尻,いいおしりの日,かわいいおしり,爆尻,生尻,プリケツ,撫で回したいお尻,けつね,揉みしだきたい尻,原尻"
thighs,0,532440,"太もも,ふともも,魅惑のふともも,魅惑の太もも,ふとももの罠,腿,極上のふともも,極上の太もも,撫で回したい太腿,大腿"
purple_hair,0,523624,紫髪
braid,0,520847,"三つ編み,みつあみ,麻花辫,辫,辫子"
cowboy_shot,0,507095,中景镜头
closed_eyes,0,498160,"瞑目,闭眼"
short_sleeves,0,494991,半袖
hair_ribbon,0,491768,
heart,0,490146,"♥,ハート,ハート形,爱心,红桃,<3"
flower,0,480748,"花,はな,フラワー,꽃,以花咏画,花と女の子"
ponytail,0,480649,"ポニーテール,ポニテ,黒髪ポニーテール,马尾,포니테일"
hetero,0,469229,"NL,男女カプ,イナゴ男女カプ,ヘテロ,男の娘×女の子,異性愛"
pantyhose,0,467351,"タイツ,黒タイツ,黒パンスト,白タイツ,ストッキング,パンスト,パンティストッキング,タイツの日,ストッキングの日,连裤袜,裤袜"
bikini,0,464629,"ビキニ,ビキニ水着,エロビキニ,剥ぎ取りたいビキニ,比基尼,豹柄ビキニ"
small_breasts,0,464376,"貧乳,微乳,ちっぱい,極上の貧乳,ペチャパイ,small_boobs,smallboobs,small_breasts,smallbreasts"
earrings,0,458252,"イヤリング,耳飾り,耳飾"
sweat,0,453578,"汗,汗だく"
outdoors,0,447763,"野外,青姦,野外緊縛,室外,户外"
weapon,0,442296,"武器,兵器"
:d,0,436700,
nude,0,434082,"裸,ヌード,裸ニーソ,裸手袋,裸体,裸靴下,袖だけ霊夢,袖だけ,全裸群像,裸ランドセル,生まれたままの姿(産まれたままの姿)全裸(ヌード),すっぽんぽん,裸帽子,裸立ち絵"
hair_bow,0,428906,
parted_lips,0,426864,
pleated_skirt,0,423601,"プリーツスカート,百褶裙"
frills,0,423188,"フリル,花边"
red_hair,0,413261,"赤髪,紅髪,红发,빨강머리,빨간머리"
censored,0,412658,
open_clothes,0,406119,はだけ
hairband,0,396719,"カチューシャ,ヘアバンド,ヘッドドレス,猫耳カチューシャ,头箍,发箍"
kantai_collection,3,394308,"艦これ,艦隊これくしょん,艦コレ,艦娘,舰队Collection,艦Colle,艦隊Collection,艦隊收藏,kantaicollection,함대_컬렉션,칸코레,私服艦娘,下着艦娘,水着艦娘,艦これ集合絵,シンスイカッコカリ,艦ショタ,艦これ版深夜の真剣お絵描き60分一本勝負,艦これ版真剣お絵描き60分一本勝負,北斗の艦,ア艦これ"
lying,0,394069,"寝そべり,寝そべる,横臥,横になる,寝転がる,うつぶせ,うつ伏せ"
horns,0,393426,"角,角娘,角っ子,有角人,角っ娘"
teeth,0,391147,
black_gloves,0,386670,黒手袋
alternate_costume,0,383478,"衣装チェンジ,私服艦娘"
shorts,0,367026,"半ズボン,短パン,ショートパンツ"
sleeveless,0,363320,"ノースリーブ,アメリカンスリーブ"
choker,0,360630,"チョーカー,颈圈,ちょーかー"
virtual_youtuber,0,360061,"バーチャルユーチューバー,バーチャルYouTuber,Vtuber,Vチューバー,バーチャルシンガー,バーチャルSinger,バーチャルライバー,VLiver,Vライバー,バーチャルストリーマー,VStreamer,虚拟主播,虛擬主播,虚拟YouTuber,虛擬YouTuber,虚拟UP主,虛擬UP主,VUP,香港vtuber,hkvtuber,台灣vtuber,버츄얼유튜버,버츄얼YouTuber,버튜버,버츄버,버츄얼,KRVTuber,KR_VTuber,Vtuber準備中,新人Vtuber,新人Vチューバー,Vtuberはじめました,おはようVtuber,vtb,VTuver,新人Vtuver,VirtualYouTuber,ENVtuber,VtuberID,PHVtuber,VtuberES,VTuberFR,VTubers,vtuberfanart,vtuberart,vtuber_fanart,vSinger,virtualsinger,virtual_singer,pngtuber"
penis,0,356232,"ペニス,陰茎,陰莖,阴茎,男根,男性器,肉棒,魔羅,チンコ,ちんこ,おちんちん,黒チンポ,페니스,음경,남근,남성기,자지,좆,雞巴,鸡巴,dick,(∪)"
detached_sleeves,0,351688,"袖だけ霊夢,袖だけ"
boots,0,350847,"ブーツ,長靴,裸ブーツ"
sky,0,350533,"空,天空"
collared_shirt,0,344961,
wings,0,341732,"翼,羽,翅,ウィング,翅膀,有翼,有翼人"
one_eye_closed,0,339935,"ウィンク,ウィンクX東方"
pointy_ears,0,334900,"エルフ耳,尖耳朵,とんがり耳"
shoes,0,327693,"靴,くつ,鞋子,신발"
food,0,324823,"食べ物,食品,食物"
pussy,0,324777,"おまんこ,女性器,pussy,屄,グロマン,膣,女性生殖器,女阴,まんこ"
necktie,0,322632,"ネクタイ,领带"
indoors,0,322574,"部屋,室内,屋内,インテリア"
barefoot,0,322560,"裸足,素足,裸足裏,制服裸足,裸足男子"
tongue,0,320198,"舌,舌責め"
medium_hair,0,318181,"セミロング,ミディアムヘアー"
black_thighhighs,0,316516,"黒ニーソックス,黒ニーソ,黒ニーハイ,黒ストッキング,黑丝"
solo_focus,0,314253,
green_hair,0,311713,緑髪
artist_name,0,311227,
official_alternate_costume,0,309695,セカコス
monochrome,0,307283,"モノクロ,モノクロ画,单色调"
socks,0,307276,"ソックス,靴下,生靴下,裸靴下"
hand_up,0,291973,
japanese_clothes,0,286888,和服
day,0,285985,"昼間,daytime,昼,ひる"
pants,0,285685,"ズボン,パンツルック"
puffy_sleeves,0,283318,
hairclip,0,282746,髪留め
male_focus,0,280627,"男の子,少年,男性,男子"
black_skirt,0,277743,
fate_(series),3,274983,"Fate,Fateシリーズ"
halo,0,272639,"天使の輪,天使の輪っか,光环,ヘイロー,へいろー"
fang,0,267648,"八重歯,虎牙,犬齿"
belt,0,267317,"ベルト,腰带"
blue_archive,3,267247,"ブルアカ,ブルーアーカイブ,ブルアカイラスト部,ブルーアーカイブイラコン,블루아카이브,블루아카,BlueArchive,蔚藍檔案,碧蓝档案,碧藍檔案,BA,ジョジョアーカイブ,蔚蓝档案"
elbow_gloves,0,261614,"長手袋,ロンググローブ,长手套,白長手袋,肘手套"
stomach,0,259949,"下腹,お腹,おなか,いいおなかの日"
midriff,0,257401,"へそ出し,へそだし,ヘソ出し,腹チラ,腹部,肚子"
glasses,0,256895,"眼鏡,眼鏡っ娘,メガネ,めがね,眼镜,伊達眼鏡,안경,eyeglasses,spectacles,glasses"
white_gloves,0,256496,"白手袋,白手套,白長手袋"
bowtie,0,254481,"蝶ネクタイ,ボウタイ,領結,领结"
blunt_bangs,0,244931,"ぱっつん,パッツン,前髪ぱっつん,齐刘海"
tongue_out,0,243263,舌出し
signature,0,239444,"サイン,サイン入り,签名"
looking_back,0,239149,"見返り,振り返り,振り向き,振り向く,見返り美人,回眸,回头看"
white_dress,0,238271,"白ワンピ,白ワンピース"
sex,0,235573,"セックス,SEX,性交,性行為,キスハメ,中出し,挿入,トイレセックス"
hair_flower,0,235005,"頭に花,花飾り"
comic,0,234453,"漫画,マンガ,漫畫,만화,漫畵"
greyscale,0,233937,白黒
cat_ears,0,233227,"猫耳,ネコミミ,ねこみみ,ネコ耳,ねこ耳,猫耳カチューシャ"
dark_skin,0,233070,"褐色,褐色肌,色黒"
cloud,0,232981,"雲,くも"
serafuku,0,231466,"セーラー服,水手服"
black_footwear,0,231413,
pink_eyes,0,230370,
on_back,0,229507,"仰向け,仰臥"
multiple_boys,0,228700,
spread_legs,0,227950,"開脚,M字開脚,エロ蹲踞,V字開脚,张开双腿"
miniskirt,0,227678,"ミニスカ,ミニスカート,ミニスカ巫女,미니스커트,迷你裙,超短裙,ミニスカポリス"
armpits,0,226109,"腋,脇,魅惑の腋,腋巫女,脇の下,腋下"
off_shoulder,0,225622,オフショルダー
streaked_hair,0,224966,"メッシュ,挑染"
hololive,3,224621,"ホロライブ,ホロライブプロダクション,ホロライブゲーマーズ,ホロライブファンタジー,ホログラ,hololive,hololewd"
twitter_username,0,223413,
grey_background,0,223052,
mole,0,222127,"ほくろ,ホクロ,痣"
hood,0,218298,"頭巾,후드,帽兜,フード"
nail_polish,0,217408,"マニキュア,マニキュア液,指甲油,매니큐어"
sailor_collar,0,216752,"セーラー襟,セーラーカラー,セーラー水着,水手领"
black_dress,0,216567,黒ワンピ
fate/grand_order,3,216333,"FGO,FateGO,FateGrandOrder,Fate/GrandOrder,Fate/Grand_Order,Cosmos_in_the_Lostbelt,Fate/GrandOrder(腐),FGO夢,Fate/GO"
cum,0,213290,"精液,정액,ザーメン"
holding_weapon,0,213194,
wide_sleeves,0,212095,
fingerless_gloves,0,209069,"指抜きグローブ,无指手套"
two-tone_hair,0,206757,"ツートン,ツートーン,二色髪"
genshin_impact,3,206690,"原神,原神project,원신,gnsnプラス,Genshin,Yuanshen,genshinimpactfanart,GenshinImpact,gnsn夢,Genshinfanart,原神同人,gnsn,GenshinImpact5ꓸ0,原尻,genshintwt"
hair_over_one_eye,0,206534,"片目隠れ,片目隠し"
hair_bun,0,204024,"丸子头,お団子,发髻,お団子ヘアー,おだんご"
blurry,0,202615,"ぼかし,ぼやけた,模糊"
from_behind,0,201113,後ろ姿
speech_bubble,0,200528,"ふきだし,말풍선,對話框"
sword,0,199350,"剣,大刀,刀剣,グレートソード,大剣,女剣士,劍,miekka,espada,pedang,Schwert,miecz,меч,svärd,swaard"
rabbit_ears,0,198998,"うさぎ耳,ウサギ耳,うさみみ,うさ耳,兎耳,ウサミミ,ウサ耳"
leotard,0,197356,レオタード
white_thighhighs,0,197211,"白ニーソックス,白ニーソ,白ニーハイ,白ストッキング,白スト,白丝袜"
looking_at_another,0,196245,
necklace,0,195974,ネックレス
idolmaster,3,193268,"アイドルマスター,idolm@ster,theidolm@ster,im@s,アイマス,アイドルマスタ"
open_jacket,0,192932,
clothes_lift,0,191932,たくし上げ
yuri,0,191126,"百合,ユリ,レズ,社会人百合,レズレイプ,創作百合,オリジナル百合,sapphic,にょたゆり,ウマ娘百合ティーダービー,pkmn百合,백합,lesbian,wlw"
huge_breasts,0,191099,"爆乳,폭유,爆乳化,hugeboobs,hugebreasts"
black_jacket,0,191008,
animal_ear_fluff,0,190173,
bra,0,189330,"ブラジャー,ブラ,デカブラ,브래지어,브라,胸罩"
striped_clothes,0,187714,
grin,0,186918,"輝く白い歯,露齿笑"
feet,0,185722,"足,足フェチ"
water,0,185652,"水,물"
orange_hair,0,184646,オレンジ髪
black_pantyhose,0,184210,"黒スト,黒ストッキング,黑丝,黒タイツ"
from_side,0,183476,"たかみよこがお,よこがおフレンズ"
mosaic_censoring,0,183362,马赛克
english_text,0,182490,英語
kimono,0,181963,"👘,着物,和服"
pokemon,3,181506,"ポケモン,ポケモン擬人化,ポケモン人間絵,pkmn腐,ポケ擬,Pokemon,포켓몬,포켓몬스터,ポケモントレーナー版深夜の真剣お絵描き60分一本勝負,ポケモン×人間,ポケットモンスター,ポケモントレーナー,pocketmonsters,精灵宝可梦,ポケモン機械化,ポケモンイラスト,Pokémon,宝可梦,pkg版深夜の真剣お絵描き60分一本勝負,pokemonfanart,pkmn,ポケモンFA,星座タロット風ポケモン,ポケモンと生活,宝可梦图鉴,アニポケ,pkmn夢,pkmn百合"
star_(symbol),0,179335,"星形,星型,星,星星"
red_bow,0,179204,
high_heels,0,177977,"ハイヒール,高跟,高跟鞋"
arm_up,0,177937,
vaginal,0,177417,"膣の,阴道性行为"
crop_top,0,175849,"ハーフトップ,露腹短上衣,短款上衣"
bag,0,175196,"鞄,かばん,カバン"
tears,0,175161,涙
white_panties,0,173369,"白パンツ,白パン,白いパンツ"
completely_nude,0,172247,"生まれたままの姿(産まれたままの姿)全裸(ヌード),すっぽんぽん,裸帽子,全裸,完全裸,髪飾り以外完全裸"
sweatdrop,0,170957,"汗マーク,汗滴"
coat,0,169134,"コート,外套"
blue_sky,0,168972,"青空,蒼空,青い空,蒼天,蒼穹,碧空,蓝天"
3girls,0,167209,
apron,0,167060,"エプロン,えぷろん,围裙"
black_shirt,0,166731,黒シャツ
arms_up,0,166635,脇見せのポーズ
collar,0,165642,"首輪,项圈"
sweater,0,163612,"セーター,스웨터,毛衣,トレーナー,スウェット,スウェットシャツ,スエットシャツ"
dark-skinned_female,0,160161,"褐色娘,褐色ロリ,黒ギャル"
bracelet,0,159920,"ブレスレット,腕輪,手镯"
black_eyes,0,157726,黒目
red_ribbon,0,156166,
parted_bangs,0,155933,"センター分け,真ん中分け,中分刘海"
:o,0,154975,Oの字口
flat_chest,0,154861,"極上の貧乳,ぺったんこ,大平原の小さな胸,無乳,ナイチチ,平らな胸,ツルペタ,つるぺた,平胸,まな板,flat-chested"
fingernails,0,153971,"爪,손톱,指甲"
vest,0,153408,"ベスト,背心"
symbol-shaped_pupils,0,152490,柄目
blue_skirt,0,150107,青いスカート
hands_up,0,149889,
black_choker,0,149280,
cape,0,148991,"ケープ,披风,披風"
armor,0,148539,"鎧,甲冑"
grey_eyes,0,148306,灰色の瞳
strapless,0,146449,ベアトップ
character_name,0,145773,
cup,0,145652,"コップ,カップ,杯子"
toes,0,144992,"足指,足の指"
chibi,0,144279,"ちびキャラ,ちび,デフォルメ,SD,SDイラスト,Q版,Q版造型,ちびきゃら,ミニキャラ,デフォルメエロ,SDキャラ,TDM,チビケモ"
two_side_up,0,144124,ツーサイドアップ
covered_nipples,0,143905,"胸ポチ,勃起乳首,透け乳首,浮き乳首"
scarf,0,143555,"🧣,マフラー,围巾,围脖"
clothing_cutout,0,143186,
orange_eyes,0,143030,"オレンジ目,おれんじめ"
twin_braids,0,142994,
puffy_short_sleeves,0,142767,
side_ponytail,0,142178,"サイドテール,侧马尾"
looking_to_the_side,0,141529,
bar_censor,0,141512,
dated,0,141426,日付
aqua_eyes,0,140932,
multiple_views,0,140215,"三面図,3面図,multiple_angles"
groin,0,140192,"鼠蹊部,またすじ,恥丘,鼠径部"
2boys,0,139896,
see-through_clothes,0,139710,"透け,透け透け,スケスケ,すけすけ,シースルー,濡れ透け,透けブラ,スケブラ,透けスカート"
eyelashes,0,138439,"まつげ,睫毛"
neckerchief,0,138274,ネッカチーフ
thigh_strap,0,138222,"サイバンド,大腿上的带子,腿带"
fake_animal_ears,0,138154,"付け耳,つけ耳,けもみみ(偽)"
legs,0,137913,"足,美脚"
arknights,3,137838,"明日方舟,アークナイツ,명일방주,Arknights,ArknightsFanArt,アークナイツバトルイラコン"
loli,0,137813,"ロリ,ロリビッチ,ロリ妊婦,ペド,ロリフ,合法ロリ,おねロリ,萝莉,LOLI,lolicon,蘿莉,로리,ロリコン,ロリショタ,ケモロリ,ロリ陰毛,メスガキ,褐色ロリ,おにロリ,ロリ巨根,ロリサキュバス,幼女,mesugaki"
mole_under_eye,0,137229,"泣きぼくろ,泣きボクロ,泣き黒子,눈물점,泪痣"
v-shaped_eyebrows,0,135870,
sleeves_past_wrists,0,135797,"萌え袖,萌袖"
wrist_cuffs,0,134244,"腕带袖口,护腕"
fox_ears,0,134061,"狐耳,きつね耳,キツネ耳,きつねみみ"
wet,0,134014,"濡れ,濡れる,びしょ濡れ,びしょびしょ"
cat_tail,0,133465,"ねこしっぽ,猫しっぽ,猫尻尾"
fur_trim,0,132015,
feet_out_of_frame,0,131631,小全景镜头
sleeveless_dress,0,131626,ノースリーブワンピース
covered_navel,0,130621,透けへそ
black_panties,0,130442,"黒パン,黒パンツ"
short_shorts,0,130056,"ショートパンツ,ホットパンツ,超短パン,短パン,热裤"
bare_arms,0,128341,
sleeveless_shirt,0,128101,
pillow,0,128021,"枕,枕头,まくら,マクラ"
v,0,127871,"ピース,ピースサイン,Vサイン,ブイサイン,ハメピス,フェラピス"
hand_on_own_hip,0,127810,"腰に手,单手叉腰"
upper_teeth_only,0,126630,
tree,0,126602,"木,樹,樹木,木本,じゅもく,き"
detached_collar,0,126016,付け襟
bare_legs,0,125852,生足
black_bow,0,125197,
maid_headdress,0,124459,"ホワイトブリム,女仆头饰"
one-piece_swimsuit,0,121989,ワンピース水着
maid,0,121616,"メイド,メイドさん,メイド少年,女仆,메이드,メイド服,妹抖"
azur_lane,3,120985,"碧蓝航线,碧藍航線,アズールレーン,AzurLane,舰B,艦B,アズレン,벽람항로,アズールレーン陣営,アズールレーン版深夜の真剣お絵かき60分一本勝負,パイズールレーン,KAN-SEN,アズレン漫画"
pubic_hair,0,120919,"陰毛,阴毛,음모,生えかけ,ロリ陰毛,パイパン差分希望,ヘアヌード,アンダーヘア"
torn_clothes,0,120831,"服ビリ,尻破れ"
head_tilt,0,120435,"首傾げ,歪头"
blurry_background,0,119855,虚化背景
black_ribbon,0,119144,
gradient_hair,0,118910,"グラデ髪,グラデヘアー,渐变色头发"
gradient_background,0,117669,渐变色背景
pov,0,116832,"ハメ撮り視点,POV,主観視点,一人称視点,自分視点,第一人称视角"
shiny_skin,0,115104,
gun,0,113891,銃
lips,0,113608,唇
uncensored,0,113257,"無修正,uncensored"
skindentation,0,112638,ももぷく
sash,0,112615,"サッシュ,현장,飾帶,饰带,条带"
horse_ears,0,111107,馬耳
black_bikini,0,111089,"黒ビキニ,たくし上げ黒ビキニ"
sideboob,0,111085,"横乳,よこちち,옆가슴"
tattoo,0,110753,"タトゥー,刺青"
neck_ribbon,0,110708,"リボンタイ,りぼんたい,ネックリボン,ねっくりぼん,紐タイ"
highleg,0,110634,ハイレグ
cosplay,0,110477,コスプレ
plaid_clothes,0,110110,
black_shorts,0,109551,
window,0,109425,"窓,窓辺,窗户"
umamusume,3,109315,"ウマ娘,ウマ娘プリティーダービー,赛马娘,賽馬娘,马娘,馬娘,우마무스메,말딸,Umamusume,フォロワーさんからイメージもらって自分をウマ娘化する,ウマ娘ガンダムダービー,北斗の拳ニンジン味,ウマ娘モータリゼーション,闪耀优俊少女,闪耀!优俊少女,优骏少女,グラップラー馬姫,ウマ娘百合ティーダービー"
horse_girl,0,109146,"馬娘,ウマ娘"
buttons,0,108883,"釦,鈕扣,纽扣,扣子,단추,鈕"
hair_intakes,0,108765,"インテーク,进气口发型,排气孔"
ascot,0,108241,"ジャボ,多褶领巾"
single_braid,0,107240,
sparkle,0,106790,"kirakiradeshita,闪闪发光,キラキラ"
sketch,0,106465,
floating_hair,0,106343,
zettai_ryouiki,0,105127,"絶対領域,絕對領域,绝对领域,절대영역"
leaning_forward,0,104890,"前屈み,前かがみ"
anus,0,104086,"肛門,アヌス,尻の穴,縦割れアナル,尻穴"
vocaloid,3,103884,"ボーカロイド,ボカロ,VOCALOID,博歌樂,术力口,術力口"
on_bed,0,103820,ベッドの上
double_bun,0,103538,"お団子頭,お団子"
idolmaster_cinderella_girls,3,103442,"アイドルマスターシンデレラガールズ,シンデレラガールズ,デレマス,モバマス,imas_cg"
kneehighs,0,102923,"ハイソックス,ハイソ,黒ハイソックス,黒ハイソ,黒ハイ,白ハイソックス,白ハイソ,白ハイ,紺ハイソックス,紺ハイソ,紺ハイ"
blue_bow,0,102901,
bell,0,102297,ベル
dutch_angle,0,101258,"ダッチアングル,倾斜角度"
book,0,101012,本
swept_bangs,0,100550,
petals,0,100326,"花びら,花吹雪,桜吹雪,花瓣"
border,0,100180,边框
blue_dress,0,100100,"青ドレス,青いワンピース,青いワンピ"
kneeling,0,99773,"跪く,膝立ち,跪,跪着,下跪"
saliva,0,99638,"涎,唾液,口水"
black_pants,0,99421,
open_shirt,0,99411,
playboy_bunny,0,99232,"バニーガール,バニースーツ,バニー,兔女郎,바니걸,メカバニー,bunnysuit"
dress_shirt,0,99213,"Yシャツ,ワイシャツ,裸Yシャツ,正装衬衫,西装衬衫,衬衫"
pussy_juice,0,99176,"爱液,愛液,マン汁"
soles,0,98983,"足裏,裸足裏,ソックス足裏,足の裏"
colored_skin,0,97509,異色肌
hoodie,0,97220,"パーカー,连帽衫"
red_skirt,0,97171,赤いスカート
bodysuit,0,97070,"ボディスーツ,ぴっちりスーツ,ボディースーツ,艦ラバー,ラバースーツ,全身タイツ,ピッチリスーツ,连体紧身衣,紧身衣"
nose_blush,0,96766,赤面
makeup,0,96564,"化粧,化妆,メイク"
halterneck,0,96512,"ホルターネック,ホルタートップ,ホルタービキニ,颈挂式"
black_hat,0,96352,
white_socks,0,95943,"白ソックス,白ハイソックス,白ハイソ,白靴下"
honkai_(series),3,95473,"Honkai,崩坏,崩壊,逆熵,崩壞,붕괴"
shadow,0,94294,"影,影子"
low_twintails,0,93940,"おさげ,二つ結び,下双马尾,低双马尾,로우테일"
fox_tail,0,93367,
mask,0,93241,"マスク,仮面,覆面,衛生マスク,サージカルマスク,防塵マスク,ガスマスク,面具,カラスマスク"
white_jacket,0,93147,
white_bikini,0,92545,白ビキニ
capelet,0,92466,披肩
heterochromia,0,92155,"オッドアイ,ヘテロクロミア,异瞳,虹彩異色症,异色瞳,虹膜异色症"
no_bra,0,91967,"ノーブラ,つけてない"
underboob,0,91877,"下乳,南半球,下パイ,おっぱいスカート,underboobs"
alternate_hairstyle,0,91692,"髪型チェンジ,非常态发型"
profile,0,91671,"横顔,侧脸,侧面"
one_side_up,0,91615,"ワンサイドアップ,サイドアップ,ハーフアップ"
turtleneck,0,91457,"タートルネック,ハイネック,高领毛衣"
depth_of_field,0,91378,"被写界深度,피사계심도,虚化背景,虚化前景"
piercing,0,91284,"ピアス,ボディピアス"
side-tie_bikini_bottom,0,91192,紐ビキニ
night,0,91121,"夜,夜景,よる"
aqua_hair,0,90706,
cameltoe,0,90601,"いいスジしてる,メコスジ,すじ,スジ,骆驼趾,도끼자국,キャメルトゥ,まんすじ"
cum_in_pussy,0,89924,"中出し,膣出し,中出,膣内射精,膣內射精,질내사정,體內射精,体内射精,체내사정,內射,内射"
expressionless,0,89861,"無表情,平然,无表情"
bed_sheet,0,89834,"シーツ,ベッドシーツ"
blue_background,0,88994,BB
bed,0,88846,ベッド
:3,0,88258,"猫口,ω"
black_hairband,0,87624,
no_shoes,0,87446,"ソックス足裏,生靴下"
holding_sword,0,87320,
ass_visible_through_thighs,0,87312,前から見えるお尻
ocean,0,86964,海
hug,0,86939,"ハグ,拥抱"
chinese_clothes,0,86868,"中国风,チャイナ服,中華風,中国風"
embarrassed,0,86726,"恥じらい,恥,恥ずかしい,はずかしい,羞恥,赤面"
pokemon_(creature),0,86640,"ポケモン×ポケモン,ポケモン×人間,pokemon"
erection,0,86405,"勃起,剥けチン"
bottomless,0,86177,"穿いてない,ボトムレス,下脱ぎ,フルチン"
arm_support,0,85988,
no_panties,0,85188,"はいてない,ノーパン"
from_above,0,84834,ハイアングル
blood,0,84626,血
watermark,0,83803,透かし
beret,0,83627,"ベレー,贝雷帽"
cat_girl,0,83587,"キャットガール,猫系女子,猫耳娘,貓人,猫人,貓娘,猫娘"
wavy_hair,0,83159,"ウェーブヘア,ウェービーヘア"
muscular,0,82749,"筋肉,筋肉質,玉つき筋肉ショタ"
cum_on_body,0,82688,
thick_thighs,0,81977,"ぶっともも,thickthighs"
frown,0,81871,"しかめっ面,・''・,皱眉"
back,0,81298,"背中,魅惑の背中,ぱっくり背中,せなか"
heart-shaped_pupils,0,81083,"目がハート,目にハート,ハート目,心形瞳孔"
copyright_name,0,80986,タイトル回収
black_socks,0,80683,"黒ハイソックス,黒ソックス,黒生,黒靴下"
short_dress,0,80628,
brown_footwear,0,80568,
beach,0,80553,"砂浜,ビーチ,すなはま,浜辺"
white_footwear,0,80553,
half-closed_eyes,0,80433,"半眼,半目,眯眼,眯着眼睛,半闭着眼,はんめ"
female_pubic_hair,0,80287,マン毛
phone,0,80128,"電話,电话"
chain,0,80031,"鎖,くさり,チェーン,チェイン,链条"
red_dress,0,79908,"赤いワンピース,赤いワンピ,赤ワンピ,赤いドレス,赤ドレス"
fangs,0,79526,"八重歯,虎牙"
white_skirt,0,79453,
siblings,0,79035,
on_side,0,78842,"横臥,松葉崩し,侧躺"
rose,0,78739,"荊棘,薔薇,蔷薇,ばら,玫瑰,バラ,장미,roses"
frilled_dress,0,78340,
looking_down,0,78092,下を見る
plaid_skirt,0,78073,"チェックスカート,格子裙"
demon_horns,0,77890,
blue_shirt,0,77525,青シャツ
groping,0,77464,爱抚
cleavage_cutout,0,77290,"谷間ホール,奶窗"
sandals,0,76876,"サンダル,凉鞋,涼鞋,신발"
garter_straps,0,76740,"ガーターベルト,吊带袜的吊带"
fruit,0,76430,"果物,フルーツ,くだもの,水果"
holding_hands,0,76368,"握り,ラブ握り,牵手"
blue_jacket,0,76298,
witch_hat,0,76249,魔女帽子
white_bow,0,76186,
clothes_pull,0,76119,拉丝
colored_inner_hair,0,75893,"インナーカラー,内层挑染,inner_color"
arms_behind_back,0,75890,"後ろ手,後ろ手縛り"
wariza,0,75883,"割座,ぺたん座り,女の子座り,アヒル座り,鸭子坐"
4girls,0,75858,
facial_mark,0,75765,
floral_print,0,75519,花柄
sunglasses,0,75506,サングラス
hatsune_miku,4,75449,"初音ミク,初音未来,初音未來,miku_monday,mikumonday,ミクの日,hatsunemiku,初音ミクイラスト,miku,ミク,hatsumemiku,mikuhatsune,miku_hatsune,vocaloid_miku"
holding_food,0,75424,
fox_girl,0,75355,"狐娘,狐っ娘,foxgirl"
thigh_boots,0,75299,サイハイブーツ
squatting,0,75051,"蹲踞,エロ蹲踞,しゃがみ,スクワット,蹲,蹲着"
testicles,0,74887,"金玉,睾丸,キンタマ,揉みしだきたい玉,ふぐり,裏玉,玉責め"
glowing,0,74844,
bird,0,74754,"鳥,擬鳥化,鳥ポケモン,鳥と女の子"
shirt_lift,0,74742,"たくし上げ,たくし上げ黒ビキニ,シャツたくし上げ"
bob_cut,0,74297,"おかっぱ,ボブカット,ボブ,黒髪ボブ,黒髪ボブカット,茶髪ボブ,赤髪ボブ,ショートボブ,エアリーボブ,前下がりボブ,マッシュルームカット,ワンレンボブ,前上がりボブ,おかっぱ男子"
white_flower,0,74215,
leaf,0,74100,"葉,葉っぱ,木の葉"
demon_girl,0,73611,"悪魔っ娘,悪魔娘,サキュバス,succubus,悪魔っ子,悪魔,ロリサキュバス"
pink_background,0,73428,
thigh_gap,0,73339,絶対空域
from_below,0,73292,"ローアングル,ぶちアングル,アオリ"
chair,0,72356,椅子
^_^,0,72223,
headphones,0,72156,"ヘッドフォン,ヘッドホン,ヘッドホン娘,ヘッドホン男子,头戴式耳机"
animal,0,71883,"動物,动物,小动物,アニマル,兽,ヨツケモ,wildlife"
wolf_ears,0,71866,狼耳
scar,0,71630,"傷跡,疤痕,疤"
drill_hair,0,71624,"縦ロール,ドリルヘアー"
military,0,71020,"軍事,ミリタリー,軍用機,軍人"
bandages,0,70812,"包帯,眼帯,绷带,包扎"
standing_on_one_leg,0,70710,"片足立ち,单腿站立,单脚站立"
hololive_english,3,70629,"hololiveEnglish,ホロライブEN,HololiveMyth,HololiveEN,holocouncil,holoEN,ホロライブEnglish"
fire_emblem,3,70454,"ファイアーエムブレム,ガチホモエムブレム,FE,FireEmblem,FE版深夜の真剣お絵描き60分一本勝負,FE腐向け,火焰纹章"
oral,0,70168,
bright_pupils,0,70098,
leg_up,0,69949,
obi,0,69193,"帯,kimono_obi,kimono_belt,束带"
ring,0,69156,"リング,戒指,指輪"
umbrella,0,68990,"傘,伞,雨傘,雨伞"
blush_stickers,0,68963,
thick_eyebrows,0,68860,太眉
light_brown_hair,0,68610,"茶色髪,小麦色髪,淡褐色髪"
military_uniform,0,68455,"軍服,军服,军装,セクシー軍服"
scrunchie,0,68383,"シュシュ,大肠圈发圈"
black_leotard,0,68250,
black_nails,0,68080,
x_hair_ornament,0,67764,
cardigan,0,67545,"カーディガン,카디건,開襟衫,开衫"
skirt_lift,0,67338,"スカートめくり,スカート捲り,セルフスカートめくり,セルフスカート捲り"
hood_down,0,66851,
white_hat,0,66691,
bound,0,66621,バインド
mouth_hold,0,66239,"咥える,咥え髪留め,くわえたくしあげ"
white_border,0,66115,
blue_ribbon,0,65890,
headgear,0,65716,
crossed_legs,0,65547,"足組み,タイツ足組み,二郎腿"
sunlight,0,65424,"日光,阳光"
stuffed_toy,0,65362,"ぬいぐるみ,毛绒玩具"
sharp_teeth,0,64971,"ギザ歯,鲨鱼齿"
wavy_mouth,0,64663,"ピーナッツみたいな口しやがって,波浪嘴"
headband,0,64546,"鉢巻,ヘッドバンド"
cellphone,0,64331,"携帯電話,ケータイ,手机,电话"
happy,0,64330,ハッピー
lifting_own_clothes,0,64326,"たくしあげ,たくし上げ,セルフスカートめくり,セルフスカート捲り"
flying_sweatdrops,0,64322,"汗マーク,ぼのぼの汗"
elf,0,64260,"エルフ,エロフ,ロリフ,精灵"
high_ponytail,0,64246,ハイポニーテール
eyes_visible_through_hair,0,64153,
honkai:_star_rail,3,64010,"崩坏星穹铁道,崩坏:星穹铁道,崩壊スターレイル,スターレイル,붕괴:_스타레일,붕괴_스타레일,HonkaiStarRail,StarRail,HSR,星穹铁道,崩壊:スターレイル,崩壊スタートレイル,崩壊スターレール,hust夢,รางดาว"
trembling,0,63783,震える
table,0,63757,テーブル
frilled_skirt,0,63732,
tank_top,0,63634,"タンクトップ,无袖紧身背心"
topless,0,63532,"トップレス,上半身裸"
white_apron,0,63436,
horse_tail,0,63323,
straddling,0,63271,"馬乗り,馬乗りパイズリ"
no_humans,0,63085,誰もいない
frilled_sleeves,0,63059,
abs,0,62973,"腹筋,腹直筋,腹肌"
love_live!,3,62808,"ラブライブ,ラブライブ!,LOVELIVEFEST,lovelive"
dark-skinned_male,0,61928,"黒人,黑人,BBC,褐色男性"
black_background,0,61582,
cloudy_sky,0,61475,"曇天,曇り空,曇り"
strapless_leotard,0,61164,
mob_cap,0,61044,モブキャップ
eating,0,60805,もぐもぐ
transparent_background,0,60773,"PNG,透明な背景,背景が透明,透過PNG"
light_smile,0,60666,
sex_from_behind,0,60575,
crossed_arms,0,60342,腕組み
underwear_only,0,60236,下着姿
own_hands_together,0,60216,
ear_piercing,0,60208,
grabbing_another's_breast,0,60139,"乳鷲掴み,乳揉み,揉奶,背後から胸揉み,後ろから乳揉み,从背后揉奶,服の中で乳揉み,肩を組んで乳揉み"
red_necktie,0,59879,
girl_on_top,0,59678,
black_bra,0,59386,"黒下着,黒ブラ"
red_bowtie,0,59034,
girls'_frontline,3,58976,"少女前线,少女前線,少女戦線,少女戰線,少前,소녀전선,소전,GirlsFrontline,Girls'frontline,GFL,ドールズフロントライン,ドルフロ,DollsFrontline,銃を持った戦術人形,戦術人形"
6+girls,0,58966,
bottle,0,58857,"瓶,ペットボトル"
fellatio,0,58740,"フェラ,フェラチオ,フェラピス,チン毛付きフェラ,ノーハンド,輪フェラ,パイフェラ,机の下のフェラ,逆フェラ,オナフェラ,うごフェラ,口交,桌下口交"
denim,0,58567,"デニム,데님,牛仔布"
breasts_out,0,58523,乳だけ出してる
hair_tubes,0,57611,
rabbit_tail,0,57504,
motion_lines,0,57256,
antenna_hair,0,57204,"触角,アホ毛,触角娘"
red_flower,0,57157,
holding_cup,0,57131,
feathers,0,56832,"🪶,羽毛,正羽,綿羽"
curtains,0,56822,"カーテン,窗帘"
single_hair_bun,0,56606,"お団子頭,お団子"
pink_bow,0,56528,
on_stomach,0,56379,"うつぶせ,うつ伏せ,伏臥,趴着"
cross,0,56366,"十字架,十字"
skin_fang,0,56301,
light_blush,0,56297,
holding_gun,0,56275,
eyewear_on_head,0,56074,
slit_pupils,0,56074,"猫目,ネコ目,猫瞳,竖瞳"
moon,0,56044,月
grass,0,56034,草
bdsm,0,55760,"ボンデージ,ボンテージ,ドM,ドMホイホイ,ドSホイホイ,拘束具,SM"
pantyshot,0,55701,"パンチラ,しゃがみパンチラ,露内裤,ダイナミックパンチラ"
fishnets,0,55694,渔网服饰
straight_hair,0,55536,"ストレートヘア,直毛"
helmet,0,55401,"ヘルメット,フルフェイス,头盔"
final_fantasy,3,54967,"ファイナルファンタジー,FF,最终幻想"
suspenders,0,54919,"サスペンダー,吊带"
cat,0,54881,"猫,ねこ,猫と女の子,ネコ,イエネコ,にゃにこれかわいい,猫イラスト"
tiara,0,54852,ティアラ
single_thighhigh,0,54602,"片足ニーハイ,片足ニーソ"
backpack,0,54538,"バックパック,リュックサック,双肩包,背包"
bent_over,0,54525,"站立前屈,前屈,鞠躬"
plant,0,54428,"植物,植物姦"
tassel,0,54387,"タッセル,流苏"
extra_ears,0,54347,四つ耳
facial_hair,0,54336,"髭,ひげ,ヒゲ"
red_shirt,0,54276,"赤シャツ,赤いシャツ"
crying,0,54246,
looking_up,0,54133,
;d,0,54132,
white_pupils,0,54118,
eyepatch,0,54088,"眼帯,アイパッチ"
head_wings,0,54027,頭羽
hakurei_reimu,4,53738,"乳巫女,博麗霊夢,霊夢,青霊夢,博麗靈夢,靈夢,博丽灵梦,灵梦,하쿠레이레이무,레이무,HakureiReimu,ReimuHakurei,Reimu,Reimu_Hakurei"
girls_und_panzer,3,53652,"ガールズ&パンツァー,ガルパン,ガールズアンドパンツァー,ガールズパンツァー,GIRLSundPANZER,GuP,ガールズ&パンツァー最終章,garupan,ガルパンはいいぞ,ガルパンイラスト再投稿企画,ガルパンバレンタインイラスト投稿企画,ガルパンクリスマスイラスト投稿企画,ガルパン最終章カウントダウンイラスト投稿企画,ガールズ&パンツ,ガールズ&モーター"
sleeping,0,53574,まどろみ
clenched_teeth,0,53544,咬牙
juliet_sleeves,0,53492,"ジュリエットスリーブ,朱丽叶袖"
portrait,0,53419,"ポートレート,肖像画,似顔絵,头像,大头,顔,近特写镜头,肖像,面部特写"
hand_on_own_chest,0,53400,"胸に手,心臓を捧げよ"
stuffed_animal,0,53370,毛绒动物玩具
animal_print,0,53236,
sisters,0,53156,"姉妹,姉妹百合"
demon_tail,0,53090,悪魔しっぽ
1other,0,53056,
wing_collar,0,52929,
red_nails,0,52897,
hat_ribbon,0,52870,
blazer,0,52857,ブレザー
school_swimsuit,0,52716,"スクール水着,スク水,死库水,school_mizugi,schomizu,男子スク水,スク水男の娘"
no_pants,0,52713,"スカートはいてない,スカート穿いてない,セーラーパンツ,セーラーふんどし"
feathered_wings,0,52579,
crown,0,52474,王冠
all_fours,0,52468,"四つん這い,女豹のポーズ,四肢着地"
cover,0,52432,封面
highleg_leotard,0,52303,ハイレグレオタード
?,0,52133,きょとんハテナ
gem,0,52099,宝石
green_skirt,0,52047,
sneakers,0,51819,"スニーカー,运动鞋"
tan,0,51648,"褐色,日焼け,小麦肌"
muscular_male,0,51570,"筋肉,筋肉質,ガチムチ"
black_necktie,0,51326,
crossed_bangs,0,51313,
china_dress,0,50954,"チャイナドレス,旗袍,Cheongsam,長衫,チャイナ,チーパオ"
parody,0,50886,"パロディ,パロディー,模仿"
knee_boots,0,50657,ロングブーツ
monster_girl,0,50563,"モンスター娘,魔物娘,人外娘,亜人"
fire,0,50167,"火,炎"
revealing_clothes,0,50009,"エロ衣装,情趣服,側面全裸,セクシー軍服"
puffy_long_sleeves,0,49881,
knees_up,0,49797,
grey_shirt,0,49753,
bug,0,49586,"昆虫,虫,こんちゅう,곤충,蟲姦,虫姦,蟲姦管理職"
outstretched_arms,0,49550,"手を広げる,伸出去的双臂,伸手"
veil,0,49550,"面纱,头纱"
nijisanji,3,49526,"にじさんじ,にじさんじSEEDS,にじさんじゲーマーズ,にじさんじマイクロビキニ部,2434ガールズコレクション,2434RPGガールズコレクション,彩虹社,二次三次,니지산지,NIJIArt,にじさんじ甲子園,にじさんじ甲子園2020,にじさんじ甲子園2021,にじさんじ甲子園2022,にじさんじアルプススタンド,バーチャル・タレント・アカデミー,Nijihub,Nijilewd,にじGTAFA"
red_footwear,0,49503,
undressing,0,49461,"脱ぐ,脱衣,脱ぎかけ,半脱"
toenails,0,49392,
group_sex,0,49284,"4P,5P"
outstretched_arm,0,49210,"手を伸ばす,伸手,单手伸出"
polka_dot,0,49058,水玉
bandaid,0,49026,"絆創膏,创可贴,创口贴"
t-shirt,0,48984,"Tシャツ,T恤,T恤衫"
blue_sailor_collar,0,48834,
multicolored_clothes,0,48770,
white_ribbon,0,48719,
katana,0,48686,"刀,日本刀,打刀,太刀"
facing_viewer,0,48302,
loafers,0,48132,ローファー
pelvic_curtain,0,48006,"前垂れ,开衩"
dog_ears,0,47960,犬耳
towel,0,47943,"バスタオル,タオル,毛巾"
pink_dress,0,47790,
kiss,0,47780,"キス,口づけ,接吻,キスハメ,手コキッス,吻,亲嘴,亲亲,😘"
shoulder_armor,0,47486,"肩当て,肩当,肩パッド"
messy_hair,0,47455,"くせ毛,ボサボサ,ボサ髪,寝癖,寝ぐせ"
bondage,0,47392,"緊縛,ボンデージ,ボンテージ,捆绑play,東方緊縛画"
white_pantyhose,0,47347,"白タイツ,白ストッキング,しろたいちゅ❤️"
black_belt,0,47104,
steam,0,47042,"湯気,湯けむり"
string_bikini,0,46927,
adapted_costume,0,46800,衣装アレンジ
furry,0,46794,"ケモノ,獣人,メスケモ,トリケモ,オスケモ,獣化,猫人,ケモロリ,ケモショタ,兽人,福瑞,ファーソナ,transfur,兽设,チビケモ,オリケモ,furryart,furry_art,kemono"
lingerie,0,46794,"ランジェリー,セクシーランジェリー,女式内衣"
crossover,0,46611,"クロスオーバー,版権クロスオーバー,联动,夢の共演,梦幻共演,双厨狂喜,乱入"
striped_thighhighs,0,46544,縞ニーソ
breast_press,0,46528,"あててんのよ,つぶれおっぱい"
hat_bow,0,46467,
lace_trim,0,46455,蕾丝边
arms_behind_head,0,46214,
ribbon_trim,0,46193,
strapless_dress,0,46151,ベアトップワンピース
alternate_breast_size,0,45950,"貧乳化,巨乳化,爆乳化,超乳化"
pectorals,0,45931,"雄っぱい,男子おっぱい"
sex_toy,0,45844,大人のおもちゃ
bat_wings,0,45822,
meme,0,45735,"海外ミーム,インターネットミーム,ミーム,沙雕"
between_breasts,0,45682,おっぱいポケット
armband,0,45678,腕章
smartphone,0,45673,"スマートフォン,スマホ,智能手机"
otoko_no_ko,0,45638,"男の娘,女装少年,femboy,こんな可愛い子が女の子のはずがない,わぁい,女装子,男の娘×女の子,おとこのこ,だが男だ,伪娘,伪伪郎,萝太,お姉さん×男の娘,男の娘×男の娘,男娘,秀吉,女装大佬,偽娘"
building,0,45580,"建物,ビル,建築物"
magical_girl,0,45572,"魔法少女,変身ヒロイン,마법소녀,mahou_shoujo,mahoushoujo,magicalgirl,馬猴燒酒,马猴烧酒"
drooling,0,45350,"よだれ,流口水"
foreshortening,0,45302,
hooded_jacket,0,45275,连帽夹克
knife,0,45194,"ナイフ,knife"
short_twintails,0,45125,
areola_slip,0,45071,輪チラ
red_background,0,45064,
hair_over_shoulder,0,45048,
blue_nails,0,44977,
pink_nails,0,44976,ピンクネイル
yellow_background,0,44953,
suit,0,44871,"スーツ,ビジネススーツ,西装,スリーピーススーツ,3ピーススーツ,スリーピース・スーツ,3ピース・スーツ"
pointing,0,44856,指差し
red_jacket,0,44847,
pink_panties,0,44735,ピンクパンツ
grey_skirt,0,44669,
couch,0,44439,"ソファー,ソファ,沙发"
wet_clothes,0,44372,濡れ透け
panty_pull,0,44246,"パンツ下ろし,パンツめくり,パンツずらし,下ろしパンツ,パンツ脱ぎ"
kirisame_marisa,4,44234,"おっぱまりさ,霧雨魔理沙,魔理沙,雾雨魔理沙,키리사메마리사,마리사,마이사"
mole_under_mouth,0,44215,艶ぼくろ
box,0,44188,
multiple_tails,0,44179,
maid_apron,0,44156,女仆围裙
staff,0,44061,"杖,权杖"
brooch,0,44025,"ブローチ,胸针"
couple,0,43853,"カップル,情侣,嗑cp"
mahou_shoujo_madoka_magica,3,43819,"魔法少女まどか☆マギカ,まどマギ,まどかマギカ,まどか☆マギカ,魔法少女まどかマギカ,魔法少女小圆,MadokaMagica,puella_magi_madoka_magica,pmmm,puellamagimadokamagica"
ejaculation,0,43739,"射精,ビュービュー系,乳内射精,挟射,大量射精"
side_braid,0,43653,
goggles,0,43627,"ゴーグル,护目镜"
4koma,0,43598,"4コマ漫画,4コマ,四コマ,四格漫画,4格漫画"
night_sky,0,43476,夜空
breath,0,43342,呼吸
o-ring,0,43337,
star_(sky),0,43277,"恒星,星星"
granblue_fantasy,3,43265,"グランブルーファンタジー,グラブル,碧蓝幻想,グラ腐ル,GranblueFantasy"
>_<,0,43206,><
breasts_apart,0,43140,
black_coat,0,43124,
wristband,0,43072,"リストバンド,腕带"
outside_border,0,43067,
flandre_scarlet,4,42857,"U.N.おっぱい,フランドール・スカーレット,フランドール,芙兰朵露·斯卡雷特,芙兰朵露,플랑드르스칼렛,플랑드르,フラン,ゆっくりフラン"
light_particles,0,42849,
holding_phone,0,42845,
robot,0,42828,"ロボット,ロボ,ロボショタ,ロボエロ"
white_sleeves,0,42823,
cropped_legs,0,42659,腿部出画
pink_flower,0,42647,
neck_bell,0,42582,
cropped_jacket,0,42489,"ボレロ,短夹克"
anal,0,42424,"アナル,アナルセックス,着衣アナルセックス,アナル騎乗位,肛交"
bridal_gauntlets,0,42410,新娘手套
rope,0,42397,"ロープ,縄,ロペ"
cherry_blossoms,0,42317,"桜,桜吹雪,樱花,桜の花"
covering_privates,0,42294,
patreon_username,0,42269,
spoken_heart,0,42250,
wind,0,42123,風
purple_dress,0,42049,
micro_bikini,0,41819,マイクロビキニ
aged_down,0,41809,"幼児化,幼少期,ショタ化,ロリ化,子供化,幼少時代,シンスイカッコカリ,幼児体型,若返り"
male_pubic_hair,0,41582,
hair_bobbles,0,41459,ヘアゴム
red_neckerchief,0,41412,
candy,0,41279,"飴,飴玉,あめ,あめだま,キャンデー,キャンディ,キャンディー,スイーツ,糖,糖果"
waist_apron,0,41231,腰部围裙
formal_clothes,0,41186,
clenched_hand,0,41100,"握り拳,握りこぶし"
polearm,0,41065,ポールウェポン
camisole,0,40934,"キャミソール,キャ,无袖紧身背心(细肩带)"
sleeves_past_fingers,0,40698,萌え袖
bike_shorts,0,40658,"スパッツ,レーサーパンツ,ジャージ+スパッツ,紧身短裤"
sheath,0,40649,"鞘,剑鞘"
3boys,0,40565,
clothing_aside,0,40481,"股布ずらし,ずらし挿入,ずらし事後"
dragon_horns,0,40450,
blue_necktie,0,40423,
5girls,0,40400,
gauntlets,0,40322,"籠手,ガントレット"
scenery,0,40244,"風景,风景,ファンタジー風景,背景,背景イラスト,环境,场景"
lipstick,0,40183,"カラーリップ,口紅,립스틱,口红"
facial,0,40150,顔射
butterfly,0,40112,"蝶,蝶々,蝴蝶"
bow_panties,0,40082,
white_sailor_collar,0,40060,
crescent,0,40044,"☾,三日月,みかづき"
dot_nose,0,40020,
official_alternate_hairstyle,0,40017,セカンドヘアスタイル
blue_bikini,0,39936,青ビキニ
low_ponytail,0,39563,ローポニーテール
front-tie_top,0,39520,
forehead,0,39513,"おでこ,でこ,オデコ,デコ,凸,おでこちゃん,おで娘,デコ娘,ひたい,额头,露额"
instrument,0,39484,"楽器,乐器,民族楽器"
restrained,0,39396,"拘束,四肢拘束"
pale_skin,0,39375,色白
index_finger_raised,0,39246,
skirt_set,0,39241,
curvy,0,39133,"むちむち,むちましい,グラマラス,女神的女体"
black_wings,0,39089,
shaded_face,0,39089,
gold_trim,0,38821,
short_hair_with_long_locks,0,38709,
side-tie_panties,0,38695,"紐パン,ひもパン,ヒモパン"
interlocked_fingers,0,38640,"手と手,ラブ握り,手指交叉"
twin_drills,0,38613,ツインドリル
casual,0,38559,"私服,カジュアル"
jingle_bell,0,38428,"猫铃铛,响铃铛"
pom_pom_(clothes),0,38404,
hood_up,0,38329,
side_slit,0,38282,"スリット,开衩"
letterboxed,0,38047,
cover_page,0,38003,表紙
dragon_girl,0,37930,"竜娘,ドラゴン娘,龍娘,龙娘,メスドラ,辰娘"
third_eye,0,37922,"第三の目,サードアイ"
demon_wings,0,37866,悪魔羽
clothes_writing,0,37866,文字Tシャツ
kemono_friends,3,37864,"けものフレンズ,けもフレ,けものフレンズぱびりおん,けものフレンズFESTIVAL,けものフレンズフェスティバル,けもフェス,けものフレンズ2,よこがおフレンズ,オリジナルフレンズ,オリフレ,長髪けもフレ,オトナけもフレ,kemonofriends,アライさん美術部"
corset,0,37863,"コルセット,束腰"
surprised,0,37666,"驚く,驚き,驚いた,驚愕,びっくり,ビックリ,びっくりした"
yaoi,0,37648,"BL,腐向け,黒バス【腐】,腐,腐向け【腐】,やおい,ホモ,ゲイ,FE腐向け,創作bl,腐向けKTR,あんさん腐るスターズ!,ゼルダの伝説【腐】,イナゴ[腐],ス腐ラトゥーン,ゲイ向け"
logo,0,37583,ロゴ
web_address,0,37479,
convenient_censoring,0,37369,見えない構図
wolf_tail,0,37325,"おおかみしっぽ,狼しっぽ,狼尻尾"
eyeshadow,0,37279,"アイシャドウ,眼影"
cowgirl_position,0,37271,"騎乗位,騎乘位,骑乘位,기승위,アナル騎乗位,騎上位"
tearing_up,0,37216,"涙目,泣き顔,哭泣之前"
remilia_scarlet,4,37210,"れみぱい,レミリア・スカーレット,レミリア,蕾米莉亚·斯卡雷特,蕾米莉亚,레밀리아스칼렛,레밀리아,れみりゃ,ゆっくりレミリア,蕾咪"
black_sailor_collar,0,37046,
baseball_cap,0,37035,"棒球帽,鸭舌帽"
anger_vein,0,37034,"怒りマーク,青筋"
open_coat,0,36994,
semi-rimless_eyewear,0,36954,"ナイロール,ハーフリム"
yellow_bow,0,36911,
mole_on_breast,0,36870,乳ぼくろ
hand_on_own_face,0,36821,
hair_flaps,0,36803,侧翘
buckle,0,36779,バックル
cloak,0,36698,"マント,斗篷"
blouse,0,36684,ブラウス
scar_on_face,0,36678,
paizuri,0,36635,"パイズリ,ぱいずり,馬乗りパイズリ,パイフェラ,挟射,乳交,젖치기,パイズールレーン,強制パイズリ,파이즈리"
strap_slip,0,36618,
nature,0,36612,自然
blue_shorts,0,36552,
hakama,0,36528,"袴,袴裙,裤裙,巫女裙,神道裙"
frilled_apron,0,36494,
red_gloves,0,36352,
knee_up,0,36343,坐立腿
low-tied_long_hair,0,36083,
spiked_hair,0,36063,
clothed_female_nude_male,0,36060,CFNM
idolmaster_shiny_colors,3,36002,"アイドルマスターシャイニーカラーズ,シャニマス,シャニエロ,Shinymas,im@s_shiny,imas_shine"
cum_on_breasts,0,35887,
armlet,0,35873,"アームレット,臂环,臂带"
single_earring,0,35821,
gundam,3,35790,"ガンダム,高达,敢达,ガンダムシリーズ,ウマ娘ガンダムダービー"
pencil_skirt,0,35701,タイトスカート
tsurime,0,35688,"ツリ目,つり目,つりめ,釣り目,吊眼,上挑眼"
frilled_bikini,0,35675,フレアビキニ
indie_virtual_youtuber,3,35535,"個人勢,完全個人勢,個人Vtuber,個人勢Vtuber,完全個人Vtuber"
arm_at_side,0,35526,
high-waist_skirt,0,35507,"ハイウエストスカート,ハイウエストサスペンダースカート"
rifle,0,35475,"ライフル,步枪,小銃"
two-tone_background,0,35462,
peaked_cap,0,35325,"官帽,かんぼう,大檐帽,军警帽"
faceless,0,35170,
black_bowtie,0,35167,
single_glove,0,35161,
striped_panties,0,35125,"縞パン,しまぱん,縞ぱん,縞パンツ"
claws,0,35119,鉤爪
^^^,0,35047,
licking,0,34985,"ペロペロ,舌責め"
heavy_breathing,0,34914,
pink_skirt,0,34898,
brown_gloves,0,34803,
christmas,0,34775,"クリスマス,圣诞节,圣诞,聖誕,聖誕節"
brown_pantyhose,0,34717,
musical_note,0,34679,"音符,演奏記号"
holding_book,0,34675,
...,0,34539,
round_eyewear,0,34528,"圆框眼镜,圆框墨镜,丸眼鏡,丸メガネ"
:p,0,34473,
bara,0,34394,"ホモ,ゲイ,大叔"
after_sex,0,34380,"事後,事后,歩き事後,ずらし事後"
zenless_zone_zero,3,34376,"绝区零,ゼンレスゾーンゼロ,ゼンゼロ,Zenless,ZenZero,ZenlessZoneZero,zzzero,zzzeroIllustration,zzzdripfest,zzzfanart,ZenlessZoneZeroFanart,Juequling,젠레스,젠레스존제로"
pink_shirt,0,34359,ピンクシャツ
high_heel_boots,0,34355,高跟靴
green_bow,0,34344,
spikes,0,34330,
skin_tight,0,34208,ぴっちりスーツ
microphone,0,34177,"マイク,麦克风,话筒"
between_legs,0,34132,
pink_ribbon,0,34125,
blue_flower,0,34069,青い花
genderswap,0,34063,"性転換,ショタ化,東方ショタ化,TSF,性转,性転人格,性轉,genderbend,genderbent"
drinking_glass,0,34010,"グラス,玻璃杯"
wading,0,33954,"涉水,蹚水,水遊び"
lace,0,33932,"レース,蕾丝"
wide_hips,0,33837,"巨尻,デカ尻"
black_vest,0,33767,
frilled_shirt_collar,0,33750,
glowing_eyes,0,33706,眼光
hair_scrunchie,0,33629,发圈
motor_vehicle,0,33605,
mahou_shoujo_madoka_magica_(anime),3,33599,"魔法少女まどか☆マギカ,まどマギ,まどかマギカ,まどか☆マギカ,魔法少女まどかマギカ,魔法少女小圆,MadokaMagica"
arm_behind_back,0,33577,
clothed_sex,0,33561,"着衣セックス,着衣交尾,着衣アナルセックス"
veins,0,33487,"脈,脉"
asymmetrical_legwear,0,33478,
eye_contact,0,33435,"見つめ合う,对视"
hair_rings,0,33361,"飞仙髻,飛仙髻,稚児髷,鬟"
finger_to_mouth,0,33314,口に手
desk,0,33281,"机,书桌"
close-up,0,33236,特写
hand_fan,0,33180,
child,0,33148,"幼女,子供,幼児,女児,少年,男児"
tentacles,0,33081,触手
fake_tail,0,33029,
plate,0,32617,"皿,접시,碟"
beads,0,32589,
colored_sclera,0,32530,
one_eye_covered,0,32527,
mary_janes,0,32485,"ストラップシューズ,メリージェーン,玛丽珍鞋"
zipper,0,32373,ジッパー
carrying,0,32275,
white_bra,0,32264,白ブラ
bikini_top_only,0,32264,"裸ビキニトップ,ビキニトップ"
lens_flare,0,32244,
ribbed_sweater,0,32210,"たてセタ,リブ生地,縦セーター,リブニット,縦セタ"
legs_up,0,32140,
purple_bow,0,32054,
red_bikini,0,32010,赤ビキニ
handjob,0,31938,"手コキ,手交,乳首舐め手コキ,手袋コキ,オナホコキ,手コキッス,背後から手コキ"
seiza,0,31924,"正座,跪坐"
track_jacket,0,31868,"ジャージ,运动服,ジャージ+スパッツ"
brown_background,0,31817,
white_hairband,0,31795,
yellow_shirt,0,31774,黄シャツ
masturbation,0,31696,"オナニー,自慰,女オナニー,オナフェラ,オナバレ,公開オナニー"
condom,0,31695,"コンドーム,避孕套,ゴム"
long_fingernails,0,31645,
puffy_nipples,0,31569,パフィーニップル
swim_ring,0,31500,
one-hour_drawing_challenge,0,31408,"Threads版深夜の真剣お絵描き60分一本勝負,深夜の真剣お絵描き60分一本勝負,ロボトミー版深夜の真剣お絵描き60分一本勝負,アークナイツ版深夜の真剣お絵かき60分一本勝負,アズレン版深夜の真剣お絵かき60分一本勝負,艦これ版深夜の真剣お絵描き60分一本勝負,ラブライブ版深夜の真剣お絵描き60分一本勝負,真夏の夜のクッキー迫真お絵描き,JOJO版深夜の真剣お絵描き60分一本勝負,ポケモントレーナー版深夜の真剣お絵描き60分一本勝負,プリキュア版深夜の真剣お絵描き60分一本勝負,深夜の真剣MMD60分一本勝負,ワートリ版深夜の真剣お絵かき60分一本勝負,背景版深夜の真剣お絵描き60分一本勝負,utau_one,ラブライブサンシャイン版深夜の真剣お絵描き60分一本勝負,戦勇版深夜の真剣お絵描き60分一本勝負,ワンドロ,わんどろ,ポケモン版深夜の真剣お絵描き60分一本勝負,ポケスペ版深夜の真剣お絵かき60分一本勝負,ガルパン版深夜のお絵描き60分一本勝負,GuP版深夜のお絵描き60分勝負,1hTolkien,お絵描き60分一本勝負,東方版もうひとつの深夜の真剣お絵描き60分一本勝負,key版深夜の真剣お絵かき60分一本勝負,まどマギ版真剣深夜のお絵かき60分一本勝負,ゼルダの伝説版深夜のお絵描き60分一本勝負,ワンドロウィッチーズ,ww版深夜の真剣お絵描き60分一本勝負,人外版深夜の真剣お絵描き60分一本勝負,ジョジョワンドロ,pkg版深夜の真剣お絵描き60分一本勝負,鳴花ヒメ・ミコト版ワンドロワンライ,松野家次男版深夜の真剣お絵描き60分一本勝負,連縁版深夜の真剣お絵描き60分一本勝負,蓮ノ空版深夜の真剣お絵描き60分一本勝負"
purple_background,0,31240,
outline,0,31195,
cropped_torso,0,31112,
floating,0,31105,
partially_submerged,0,31104,
arm_behind_head,0,31100,
science_fiction,0,31098,"近未来,sf,科幻,scifiart,sci-fi"
furrowed_brow,0,31071,眉間に皺を寄せる
black-framed_eyewear,0,31054,"黒縁眼鏡,黑框眼镜"
no_headwear,0,31042,"帽子なし,帽子無し"
reflection,0,31017,"反射,映り込み,鏡越し,倒影"
:<,0,30993,への字口
gift,0,30959,"贈り物,おくりもの,贈答品,ぞうとうひん,プレゼント,ギフト,進物,しんもつ,礼物,れいもつ"
ball,0,30925,"ボール,공,球"
sports_bra,0,30921,"スポーツブラ,スポブラ"
honkai_impact_3rd,3,30873,"Honkai_Impact3,崩坏3,崩壊3rd,崩坏3rd,崩壞3rd,붕괴3rd,Honkaiimpact3rd,崩坏三"
tareme,0,30859,"タレ目,たれ目,たれめ,垂れ目,垂眼,下垂眼"
artoria_pendragon_(fate),4,30855,"アルトリア・ペンドラゴン,アルトリア,聖剣の騎士王,騎士王,阿尔托莉雅"
full_moon,0,30813,"満月,满月"
green_dress,0,30758,
angry,0,30680,怒り
white_coat,0,30604,
dress_lift,0,30566,
@_@,0,30540,ぐるぐる目
thong,0,30502,Tバック
pouch,0,30496,"小包,小盒"
toned,0,30448,
denim_shorts,0,30367,牛仔短裤
handgun,0,30365,"拳銃,ハンドガン,ピストル,オートマチックピストル,マシンピストル,pistol"
hand_in_own_hair,0,30353,髪に手
alcohol,0,30325,"酒,お酒,アルコール"
half_updo,0,30313,"ハーフアップ,お嬢様結び"
snow,0,30248,"雪,雪原,雪地"
precure,3,30242,"プリキュア,光之美少女,腐リキュア,オリキュア,マイプリキュア,オリジナルプリキュア"
tray,0,30222,"お盆,托盘"
raised_eyebrows,0,30208,
vertical-striped_clothes,0,30169,
izayoi_sakuya,4,30132,"巨乳長,十六夜咲夜,咲夜,이자요이사쿠야,사쿠야"
sleeves_rolled_up,0,30117,腕まくり
purple_skirt,0,30030,
freckles,0,29987,"そばかす,雀斑"
white_wings,0,29984,
age_difference,0,29934,"年の差,年齢差,大人×子供,歳の差,おねロリ,ショタおね,ロリおね,ママショタ,おばショタ,おばロリ,ババショタ,おにロリ,おにショタ,ショタおに,ロリおに,パパショタ,お姉さん×男の娘"
black_sleeves,0,29874,
red_hat,0,29858,
white_shorts,0,29828,
mature_female,0,29697,"熟女,人妻,ママン,おばさん,milf,母性的女体,年増,お姉さん,既婚女性"
angel_wings,0,29491,天使
pendant,0,29439,ペンダント
wolf_girl,0,29412,狼娘
pocket,0,29374,口袋
grey_jacket,0,29372,
sweater_vest,0,29366,ニットベスト
green_background,0,29352,
backlighting,0,29347,"逆光,背光"
clenched_hands,0,29294,"グー,握り拳,拳"
smoke,0,29269,煙
fingering,0,29215,"手マン,指マン,乳首舐め手マン"
santa_hat,0,29167,サンタ帽
tanlines,0,29076,日焼け跡
white_skin,0,29068,
green_jacket,0,29031,緑ブレザー
tokin_hat,0,29013,"頭襟,ときん"
blue_one-piece_swimsuit,0,28980,
competition_swimsuit,0,28955,競泳水着
blue_bowtie,0,28949,
rabbit_girl,0,28829,"兎娘,兔娘,ウサギ娘,うさぎ娘,bunny_girl,bunnygirl,rabbitgirl"
cumdrip,0,28802,溢れ精液
knees_together_feet_apart,0,28788,
blue_hat,0,28733,
furry_female,0,28715,"メスケモ,ケモロリ,ケモノ,獣人,female_furry,獣娘"
starry_sky,0,28715,星空
upskirt,0,28689,逆さ撮り
blue_footwear,0,28666,
blue_halo,0,28619,
cross-laced_footwear,0,28604,
thighband_pantyhose,0,28584,ランガード
pink_halo,0,28579,
turtleneck_sweater,0,28573,"タートルネック,高领毛衣"
komeiji_koishi,4,28509,"古明地こいし,こいし,코메이지코이시,古明地恋,病んだ恋の瞳"
:q,0,28471,ペコ舌
asymmetrical_bangs,0,28367,
futanari,0,28354,"ふたなり,双成り,フタナリ,ふたなり化,ぬえちんぽ,女ふたなり,ディックガール"
black_horns,0,28315,
cuffs,0,28279,"手枷,手錠"
long_skirt,0,28259,ロングスカート
white_leotard,0,28140,
hakama_skirt,0,28125,"行灯袴,女袴"
legs_apart,0,28035,"腿分开,叉开腿"
love_live!_school_idol_project,3,27984,"ラブライブ!SchoolIdolProject,學園偶像計畫,μʼs"
yellow_ribbon,0,27980,
out_of_frame,0,27918,
contrapposto,0,27837,"コントラポスト,짝다리,单腿重心"
missionary,0,27829,"正常位,传教士位,传教士体位"
brown_jacket,0,27825,
panties_under_pantyhose,0,27805,"タイツ越しのパンツ,ストッキング越しのパンツ,パンスト越しのパンツ"
faceless_male,0,27769,
gym_uniform,0,27614,"体操服,体操着,襟付きジップアップ体操服,体育着"
brown_skirt,0,27610,
torn_pantyhose,0,27396,
hand_on_another's_head,0,27392,
ribbon-trimmed_sleeves,0,27387,
legs_together,0,27319,
crying_with_eyes_open,0,27309,
black_serafuku,0,27265,黒セーラー
shirt_tucked_in,0,27251,
animal_hands,0,27233,肉球
cake,0,27209,"ケーキ,蛋糕"
white_kimono,0,27206,
genderswap_(mtf),0,27202,"女体化,にょたゆり,にょたりあ"
mecha,0,27189,"メカ,ロボット,オリメカ,オリロボ"
star_hair_ornament,0,27174,
white_pants,0,27046,
single_horn,0,27039,
!,0,27032,
fins,0,26967,ヒレ
multicolored_eyes,0,26965,
dragon_tail,0,26958,
red-framed_eyewear,0,26924,"赤眼鏡,赤縁メガネ"
androgynous,0,26758,"中性的,無性別"
buruma,0,26738,"ブルマ,ブルマー,レーシングブルマ,ジャーブル"
innertube,0,26713,"浮き輪,うきわ,浮輪,游泳圈"
short_ponytail,0,26669,
forest,0,26587,"森林,森"
spread_pussy,0,26576,くぱぁ
walking,0,26561,
dual_persona,0,26492,
dog_girl,0,26484,"犬娘,いぬ娘,犬系女子"
braided_ponytail,0,26447,
sun_hat,0,26438,遮阳帽
doggystyle,0,26412,後背位
dog_tail,0,26395,
spot_color,0,26388,单色基调
ass_focus,0,26313,尻アングル
goggles_on_head,0,26254,
cleft_of_venus,0,26185,"すじ,スジ,ワレメ,われめ,割れ目,ぷにまん,オッパイワレメ,つるまんさいこう,阴裂,一线天"
idolmaster_(classic),3,26154,
blurry_foreground,0,26055,虚化前景
school_bag,0,25994,"学生鞄,スクールバッグ,制服リュック"
purple_flower,0,25967,
cum_in_mouth,0,25956,"口内射精,精飲,飲精,咥内射精"
garter_belt,0,25927,"ガーターベルト,吊带袜的腰带"
unworn_headwear,0,25905,"没戴的帽子,脱下的帽子"
cirno,4,25856,"チルノ,琪露诺,치르노"
headset,0,25839,"ヘッドセット,インカム"
halloween,0,25819,"ハロウィン,ハロウィーン,할로윈,万圣夜,万圣节"
kemonomimi_mode,0,25813,
fish,0,25791,"魚,鱼,さかな,물고기,魚姦,海生物姦"
high_collar,0,25782,
toenail_polish,0,25775,ペディキュア
hoop_earrings,0,25759,
threesome,0,25744,3P
light_blue_hair,0,25707,
rain,0,25663,"雨,梅雨"
empty_eyes,0,25634,"レイプ目,虚ろ目,ベタ目,マグロ目,死んだ魚のような目,目が死んでる,死鱼眼,空洞的眼神"
rape,0,25581,"レイプ,輪姦,陵辱,強姦,逆レイプ,凌辱,レズレイプ,スライム姦,non-con"
hat_ornament,0,25555,
holding_umbrella,0,25541,
plump,0,25326,"むちむち,ムチムチ,ぽちゃり,むちましい"
naughty_face,0,25298,
head_rest,0,25230,頬杖
fate/stay_night,3,25151,Fate/staynight
colored_eyelashes,0,25081,
steaming_body,0,25063,"発情,蒸れ"
low_wings,0,25058,腰羽
personification,0,25038,"擬人化,兵器擬人化,艦船擬人化,オリジナル艦娘,ポケモン擬人化,ドーナツ擬人化,お菓子擬人化,ポケ擬,曲擬人化,遊戯王擬人化,オリジナルウマ娘,競走馬擬人化,ヘタリアにない国を擬人化してみる,拟人化,拟人,鉄道擬人化,車擬人化,バイク擬人化,自動車擬人化,干支擬人化,Humanformers,의인화,gijinka"
belt_buckle,0,24929,
shoulder_bag,0,24903,ショルダーバッグ
holding_staff,0,24881,
drinking_straw,0,24866,"ストロー,吸管"
bandaged_arm,0,24820,
tentacle_hair,0,24814,
konpaku_youmu,4,24801,"魂魄妖夢,妖夢,魂魄妖梦,妖梦,콘파쿠요우무,요우무"
red_scarf,0,24794,赤マフラー
yellow_flower,0,24720,
fishnet_pantyhose,0,24705,網タイツ
hand_between_legs,0,24672,"脚の間の手,あしのあいだのて"
robe,0,24670,
persona,3,24582,"ペルソナ,女神异闻录"
black_collar,0,24579,
meme_attire,0,24573,例の服
striped_bikini,0,24555,縞ビキニ
hands_on_own_hips,0,24550,"双手叉腰,腰に手"
pink_lips,0,24503,
happy_birthday,0,24500,"誕生日,お誕生日おめでとうございます,お誕生日おめでとうございます!,生日快乐"
doujin_cover,0,24463,
jitome,0,24451,"ジト目,冷眼"
teacup,0,24450,"ティーカップ,茶杯"
fur_collar,0,24438,
bubble,0,24398,"泡,シャボン玉,気泡"
thought_bubble,0,24396,
hair_down,0,24375,髪下ろし
curly_hair,0,24332,"巻き毛,卷发"
partially_fingerless_gloves,0,24319,
bulge,0,24285,形くっきりペニス
wooden_floor,0,24284,フローリング
enmaided,0,24284,
hairpin,0,24276,ヘアピン
short_eyebrows,0,24275,
purple_nails,0,24161,
epaulettes,0,24159,肩章
purple_shirt,0,24157,
blood_on_face,0,24152,
impossible_clothes,0,24123,乳袋
large_pectorals,0,24084,雄っぱい
female_masturbation,0,24082,"手マンオナニー,オナニー女"
reaching,0,24081,
hand_in_pocket,0,24025,
off-shoulder_dress,0,23988,滑肩连衣裙
chainsaw_man,3,23983,"チェンソーマン,チェンソーマン2部,电锯人,電鋸人,전기톱맨,chainsawman,csm,chainsawmanfanart"
mouth_mask,0,23975,"口罩,カラスマスク"
backless_outfit,0,23951,"ぱっくり背中,オープンバック"
crossdressing,0,23941,"女装,男装,女装男子,女装子,女裝,女扮男装,男扮女装,女装大佬,男装大佬,女装オナニー,女水着チャレンジ,男体化女装"
danganronpa_(series),3,23927,"ダンガンロンパ,弹丸论破,彈丸論破"
asymmetrical_hair,0,23901,
shiny_clothes,0,23901,
santa_costume,0,23897,"サンタ服,サンタ衣装,サンタ娘,サンタコス"
pauldrons,0,23881,ポールドロン
breasts_squeezed_together,0,23878,寄せ乳
pink_jacket,0,23744,
paw_pose,0,23739,
front-tie_bikini_top,0,23668,
double_v,0,23660,"ダブルピース,アヘ顔ダブルピース,えへ顔ダブルピース"
long_dress,0,23651,
beard,0,23603,顎鬚
wide-eyed,0,23555,瞠目
lolita_fashion,0,23504,"ロリィタファッション,ロリータファッション,ロリィタ,ロリータ,洛丽塔,lolita,洛麗塔"
black_bodysuit,0,23494,
foot_focus,0,23483,足控
red_rose,0,23459,红玫瑰
oni,0,23457,"鬼,おに,鬼娘,鬼女"
collared_dress,0,23447,
long_bangs,0,23378,"両目隠れ,メカクレ,片目隠れ,片目隠し,前髪に目が隠れてるの正義"
shrug_(clothing),0,23374,"无胸领衫,露胸领衫"
top_hat,0,23347,"シルクハット,礼帽"
circlet,0,23342,サークレット
green_shirt,0,23292,
bouncing_breasts,0,23235,"乳揺れ,荒ぶるおっぱい,アニぱい,乳揺れ(うごイラ),乳分身,あばれる乳,おっぱいぷるんぷるん,乳摇"
patchouli_knowledge,4,23201,"パチュリー・ノーレッジ,パチュリー,パチェ,帕秋莉,파츄리노우렛지,파츄리"
sailor_dress,0,23137,セーラーワンピース
under-rim_eyewear,0,23125,アンダーリム
the_legend_of_zelda,3,23124,"ゼルダの伝説,ゼルダの伝説シリーズ,legend_of_zelda,thelegendofzelda,젤다의_전설,塞尔达传说,LegendOfZelda,ゼルダの伝説【腐】"
+_+,0,23123,"目がしいたけ,✧_✧"
eyebrows_hidden_by_hair,0,23097,
foot_out_of_frame,0,23084,
spoken_ellipsis,0,23061,
leash,0,22997,"リード,リーシュ,手綱"
boku_no_hero_academia,3,22966,"僕のヒーローアカデミア,我的英雄学院,ヒロアカ,MHA,mha,bnha,MyHeroAcademia,bokunoheroacademia,hrak【腐】,hrak,夢アカ"
hair_spread_out,0,22933,
dual_wielding,0,22907,"二挺拳銃,二丁拳銃,双銃,二刀流,双剣"
striped_bow,0,22849,
large_penis,0,22831,巨根
pasties,0,22792,"ニプレス,ニップレス,乳貼,乳贴,胸貼,胸贴"
height_difference,0,22738,"身長差,逆体格差"
kochiya_sanae,4,22692,"さなぱい,東風谷早苗,东风谷早苗,早苗,코치야사나에"
water_drop,0,22683,水滴
league_of_legends,3,22676,"LeagueOfLegends,league_of_legends,LOL,ArtofLegends,英雄联盟,英雄聯盟,리그오브레전드,롤,リーグ・オブ・レジェンド,リーグオブレジェンド,英雄联盟同人,리그오브레전"
double-parted_bangs,0,22647,
object_insertion,0,22645,"异物插入,異物挿入"
black_one-piece_swimsuit,0,22637,
mug,0,22630,"マグカップ,马克杯"
blue_panties,0,22615,青パンツ
cum_overflow,0,22612,溢れ精液
criss-cross_halter,0,22591,"クロスホルターネック,交叉颈挂式"
bowl,0,22588,"お椀,椀,丼,碗"
neon_genesis_evangelion,3,22553,"新世紀エヴァンゲリオン,ヱヴァンゲリヲン,エヴァンゲリオン,エヴァ,EVA,新世纪福音战士,NGE,NeonGenesisEvangelion,Evangelion"
mirror,0,22548,鏡
pov_hands,0,22536,
blue_pants,0,22527,
veiny_penis,0,22510,
cigarette,0,22495,タバコ
blue_leotard,0,22485,
princess_connect!,3,22476,"プリンセスコネクト!,プリンセスコネクト,プリンセスコネクト!Re:Dive,プリンセスコネクトRe:Dive,プリコネ,超異域公主連結,프린세스커넥트,プリコネR,超異域公主連結Re:Dive,PrincessConnectReDive,超異域公主連結☆Re:Dive,公主连结"
popsicle,0,22465,"アイスキャンデー,アイスキャンディー,棒アイス,棒冰,冰棒"
striped_shirt,0,22459,
broom,0,22414,"ほうき,箒,ホウキ,扫帚"
yakumo_yukari,4,22361,"ゆかぱい,八雲紫,八云紫,야쿠모유카리,유카리"
final_fantasy_xiv,3,22356,"FF14,FFXIV,ファイナルファンタジーXIV,ファイナルファンタジー14,最终幻想14,Endwalker,FF14art,FF14イラスト"
watch,0,22264,
alice_margatroid,4,22250,"アリぱい,アリス・マーガトロイド,爱丽丝·玛格特罗依德,爱丽丝,앨리스마가트로이드,앨리스,アリス·マーガトロイド,マリアリ,アリマリ"
lollipop,0,22231,"棒飴,棒棒糖,ぼうあめ,ペロペロキャンディー,ロリポップ,ペロリンキャンディー,ペロキャン"
glint,0,22230,
on_floor,0,22182,
pout,0,22167,"噘嘴,ふくれっ面"
crystal,0,22143,"鉱物,鉱石"
sarashi,0,22142,さらし
twins,0,22118,"双子,双胞胎"
v_arms,0,22111,
yu-gi-oh!,3,22069,"遊戯王,遊戯王OCG,遊戯王ファンアート,OCGファンアート,遊戲王,遊☆戯☆王,遊戯王シリーズ,遊戯王擬人化,遊戯王ラッシュデュエル,YGO,遊戯王女性向け,유희왕,yugioh,yugiohtcg,yugiohfanart,現代遊戯王,游戏王"
eyeliner,0,21988,"アイライン,アイライナー,眼線,아이라이너"
sunset,0,21973,"夕焼け,日没,日落,夕日,夕阳"
nipple_stimulation,0,21951,刺激乳头
poke_ball,0,21948,モンスターボール
jeans,0,21917,"👖,ジーンズ,ジーパン,ジーンズ/jeans,牛仔裤"
handbag,0,21885,
can,0,21852,缶
red_hairband,0,21798,
white_sweater,0,21787,
straight-on,0,21783,"直视,正面,绝对正面"
muscular_female,0,21704,"筋肉娘,筋肉女,筋肉女子,musclegirl"
aged_up,0,21700,"大人化,30ライブ!,オトナけもフレ,老化,アダルトジャックちゃん"
flying,0,21676,飛行
single_side_bun,0,21661,
butterfly_hair_ornament,0,21655,
2koma,0,21645,"2コマ,二格漫画,2格漫画,即オチ2コマ"
admiral_(kancolle),4,21631,"提督(艦隊これくしょん),提督"
butt_crack,0,21618,半ケツ
:t,0,21615,"ふくれっ面,膨れっ面,气鼓鼓,鼓脸"
yellow_ascot,0,21611,
pajamas,0,21509,"パジャマ,睡衣"
spaghetti_strap,0,21497,"スパゲッティストラップ,细肩带"
mini_person,0,21492,
tiles,0,21463,"タイル,瓷砖"
sheathed,0,21462,帯刀
bocchi_the_rock!,3,21436,"ぼっち・ざ・ろっく!,ぼっち・ざ・ろっく,ぼざろ,Bozaro,BTR!,BTRbandparody,孤獨搖滾!,孤独摇滚!,孤独摇滚,ぼっち・ざ・けいおん!,BocchiTheRock,ぼざろおえかき,ぼっち·ざ·ろっく,ぼっち・ざ・ろっく!モータリゼーション"
shield,0,21423,"盾,盾牌"
hat_flower,0,21416,
lantern,0,21402,ランタン
nun,0,21369,"シスター,修道女,修女,バトルシスター"
bags_under_eyes,0,21359,"目の下のクマ,目の下にクマ,黑眼圈,眼袋"
heart_hair_ornament,0,21358,
print_bikini,0,21313,
nontraditional_miko,0,21298,改造巫女服
kneepits,0,21290,"膝裏,膕,ひかがみ,오금"
teddy_bear,0,21249,"🧸,テディベア,熊のぬいぐるみ,クマのぬいぐるみ"
sand,0,21249,砂
fake_horns,0,21245,
paper,0,21240,"紙,纸,纸张"
ice,0,21240,氷
topless_male,0,21240,上半身裸
purple_ribbon,0,21226,
adjusting_clothes,0,21160,"食い込み直し,调整服装"
dakimakura_(medium),0,21155,"抱き枕,抱きまくら,抱き枕カバー,抱枕画"
looking_ahead,0,21139,
breastplate,0,21128,"胸当て,おっぱいアーマー"
fur-trimmed_jacket,0,21096,
off-shoulder_shirt,0,21093,オフショルダー
panties_aside,0,21073,"股布ずらし,ずらし挿入"
sensei_(blue_archive),4,21003,"先生(ブルーアーカイブ),先生,sensei,先生(ゲマトリア)"
shameimaru_aya,4,20938,"射命丸文,샤메이마루아야"
blue_gloves,0,20931,
crown_braid,0,20923,"クラウンブレイド,发箍状麻花辫"
monster,0,20918,モンスター
borrowed_character,0,20914,"描いてみた,描かせていただきました,描かせて頂きました,よその子,お借りしました,よそのこ,人様の子"
mini_hat,0,20910,
large_areolae,0,20879,"巨乳輪,爆乳輪,超乳輪"
stud_earrings,0,20858,
light_rays,0,20843,可见光
sound_effects,0,20840,"オノマトペ,オノマトペー,オノマトペア,擬声語,擬音語,擬態語,의성어,擬聲詞"
long_legs,0,20823,
vibrator,0,20815,"ローター,バイブ,按摩棒"
rock,0,20814,岩
interracial,0,20755,異人種間
serious,0,20727,
center_frills,0,20680,
vision_(genshin_impact),0,20643,神の目
one_piece,3,20621,"ONEPIECE,onepiece,ワンピース,アニワン,海賊王,航海王,劇場版ONEPIECE,海贼王,onepieceredraw,ワンピース女性向,OP夢"
hugging_object,0,20579,
brown_belt,0,20549,
arms_at_sides,0,20508,
armpit_crease,0,20480,
shawl,0,20467,"ショール,披帛,pibo"
pokemon_swsh,3,20463,"ポケモン剣盾,소드실드,ポケットモンスターソードシールド,ポケモンソードシールド"
fire_emblem_heroes,3,20445,"ファイアーエムブレムヒーローズ,FEヒーローズ,FEH,FEHeroes,FireEmblemHeroes,描けば出るFEH"
ghost,0,20428,"幽霊,亡霊,おばけ,幽灵"
sideways_glance,0,20413,"流し目,斜视"
highleg_panties,0,20386,
open_book,0,20376,
orange_background,0,20368,
machinery,0,20354,机械
motion_blur,0,20343,モーションブラー
animal_hood,0,20342,
bouquet,0,20302,"ブーケ,花束"
skirt_hold,0,20302,
running,0,20288,
skull,0,20261,"髑髏,スカル,头骨,骷髅头,頭蓋骨"
mouse_ears,0,20181,ねずみみ
chromatic_aberration,0,20158,色収差
stairs,0,20132,階段
grabbing_from_behind,0,20086,"背後から胸揉み,背後から乳揉み,後ろから乳揉み"
holding_unworn_clothes,0,20060,
forehead_mark,0,20009,
fujiwara_no_mokou,4,20005,"藤原妹紅,藤原妹红,妹紅,후지와라노모코우,모코우"
blue_kimono,0,19999,
visor_cap,0,19982,サンバイザー
waving,0,19973,"手を振る,挥手"
nurse_cap,0,19962,"ナースキャップ,护士帽"
fate/extra,3,19944,"Fate/EXTRA,セイバー(Fate/EXTRA)"
full-face_blush,0,19935,
pink_bikini,0,19923,ピンクビキニ
sharp_fingernails,0,19896,
palm_tree,0,19887,"椰子,ヤシの木,椰子の木,やしの木"
cropped_shirt,0,19883,
drink,0,19881,飲み物
;),0,19867,
tinted_eyewear,0,19849,
white_one-piece_swimsuit,0,19840,"白スク,白スク水"
contemporary,0,19810,現パロ
chocolate,0,19804,"チョコレート,초콜릿,巧克力"
card,0,19751,カード
partially_visible_vulva,0,19748,大陰唇
railing,0,19693,"手すり,栏杆"
arm_tattoo,0,19686,
city,0,19651,"都会,都市,城市"
snowing,0,19650,降雪
unworn_hat,0,19612,"没戴的帽子,脱下的帽子"
upside-down,0,19606,"逆さ吊り,さかさま"
covering_breasts,0,19604,手ブラ
hand_on_own_cheek,0,19558,"頬に手,頬杖"
cum_on_hair,0,19551,髪射
fire_emblem:_three_houses,3,19546,"ファイアーエムブレム風花雪月,FE3H,FE風花雪月,風花雪月,fireemblemthreehouses,火焰纹章风花雪月"
hug_from_behind,0,19520,
tress_ribbon,0,19507,
xenoblade_chronicles_(series),3,19435,"ゼノブレイドシリーズ,ゼノブレイド,Xenoblade,異度神劍"
red_cape,0,19433,红披风
red_vest,0,19429,
green_ribbon,0,19419,
tabard,0,19390,
scar_across_eye,0,19375,
back_bow,0,19370,
straw_hat,0,19358,"麦わら帽子,草帽"
sitting_on_person,0,19310,
blue_skin,0,19280,青肌
yukata,0,19279,浴衣
military_hat,0,19267,"軍帽,军帽"
hair_tie,0,19262,"髪留め,咥え髪留め,发带"
horizon,0,19262,"地平線,地平线,水平線,水平线"
pink_bra,0,19257,"ピンクブラ,ぴんくブラ"
brown_thighhighs,0,19252,
red_lips,0,19246,
komeiji_satori,4,19223,"古明地さとり,さとり,코메이지사토리,古明地觉,小五"
smug,0,19214,"どや顔,ドヤ顔,どや乳"
notice_lines,0,19203,注意到
wedding_dress,0,19190,"ウェディングドレス,婚纱,ウエディングドレス"
idolmaster_million_live!,3,19177,"アイドルマスターミリオンライブ!,アイドルマスターミリオンライブ,THE_IDOLM@STER_MILLION_LIVE!,ミリマス,グリマス,ミリエロ"
hair_behind_ear,0,19168,
double-breasted,0,19145,"両前,双排扣"
heart_hands,0,19141,"手でハート,心気功砲,比心"
hanging_breasts,0,19139,垂れ乳
bespectacled,0,19138,"メガネプラス,リュネット・パッチェ,東方眼鏡娘"
red_halo,0,19138,
reisen_udongein_inaba,4,19130,"鈴仙・優曇華院・イナバ,鈴仙,うどんげ,铃仙·优昙华院·因幡,铃仙,레이센우동게인이나바"
brother_and_sister,0,19126,"兄妹,姉弟,姐弟,문자남매"
black_cape,0,19100,
licking_lips,0,19097,"舌なめずり,舌舐めずり"
smirk,0,19097,
underbust,0,19074,"コルセット,显胸服饰"
tail_ornament,0,19060,
selfie,0,18986,"自分撮り,自画撮り,自撮り,自拍"
minigirl,0,18946,"小人,小女子,縮小娘"
bandeau,0,18945,"バンドゥ,バンドゥビキニ,裹胸"
artist_logo,0,18928,
pink_footwear,0,18922,
white_outline,0,18918,
dildo,0,18913,ディルド
frilled_shirt,0,18875,
drawstring,0,18868,"ドローストリング,松紧带绳子"
absurdly_long_hair,0,18864,头发拖地
blindfold,0,18831,"目隠し,眼罩"
wrist_scrunchie,0,18810,发圈手饰
holding_flower,0,18726,手に花
hand_on_another's_shoulder,0,18723,
!?,0,18708,
holding_bag,0,18695,
adjusting_hair,0,18686,调整侧发
reaching_towards_viewer,0,18656,
top-down_bottom-up,0,18633,
street_fighter,3,18626,"ストリートファイター,StreetFighter,SF,街頭霸王,街霸"
holding_knife,0,18604,
sign,0,18603,看板
pokemon_sv,3,18578,"ポケモンSV,ポケットモンスタースカーレット,ポケットモンスターバイオレット,ポケモンスカーレットバイオレット,ポケモンスカーレット・バイオレット,PokemonScarletViolet"
panties_around_one_leg,0,18570,片足パンツ
character_doll,0,18554,ぬいぐるみ化
yokozuwari,0,18548,"横座り,侧身坐,侧坐,sitting_sideways"
splatoon_(series),3,18548,"スプラトゥーン,Splatoon,Splatfest,Splatoonfanart,ス腐ラトゥーン,Splatsona"
center_opening,0,18541,
bikini_under_clothes,0,18507,"服の下に水着,服の下にビキニ"
on_chair,0,18505,"椅子,椅子の上"
hair_bell,0,18472,
headpiece,0,18435,
suspender_skirt,0,18418,"吊りスカート,ハイウエストサスペンダースカート,背带半裙,吊带半裙,jumperskirt,JSK,ジャンパースカート,ジャンスカ"
ringed_eyes,0,18416,写轮眼
lab_coat,0,18414,"白衣,白大褂"
world_witches_series,3,18394,"ワールドウィッチーズ,w_witch,ワンドロウィッチーズ,ww版深夜の真剣お絵描き60分一本勝負"
new_year,0,18393,"新年,正月,お正月,賀正,お正月イラスト,HappyNewYear,大晦日"
shoulder_cutout,0,18382,カットアウェイショルダー
anklet,0,18365,アンクレット
injury,0,18342,
dog,0,18319,"犬,イヌ,犬姦"
goddess_of_victory:_nikke,3,18309,"NIKKE,THISISNIKKE,Project:NIKKE,Project_NIKKE,勝利の女神:NIKKE,ニケ,メガニケ,ニケ(勝利の女神:NIKKE),승리의여신:니케,니케,勝利の女神ニケ,NIKKEFanartContest"
microskirt,0,18306,マイクロミニスカート
falling_petals,0,18300,
bandaid_on_face,0,18297,
fence,0,18296,围栏
mountain,0,18293,"山,山脈"
ice_cream,0,18286,"アイス,アイスクリーム,ソフトクリーム,冰淇淋,冰激凌,雪糕"
covering_own_mouth,0,18254,口隠し
tracen_school_uniform,0,18223,"トレセン学園制服,トレセン冬服,特雷森学园制服"
valentine,0,18181,"バレンタインデー,バレンタイン,ヴァレンタインデー,ヴァレンタイン,情人节"
final_fantasy_vii,3,18157,"FF7,FFVII,ファイナルファンタジー7,ファイナルファンタジーVII,finalfantasy7,finalfantasyvii"
jacket_on_shoulders,0,18135,
gag,0,18114,"猿轡,口枷,口塞"
petite,0,18067,
black_sweater,0,18066,
white_scarf,0,18034,
inubashiri_momiji,4,18030,"犬走椛,이누바시리모미지,ショタ椛"
saliva_trail,0,18019,"唾液ブリッジ,糸引き"
ear_covers,0,18012,耳套
yellow_jacket,0,18011,
rabbit,0,18002,"兎,菟,兔,うさぎ,ウサギ,ラビット,うさぎと女の子"
bloomers,0,17993,"ドロワーズ,ドロモロ,かぼちゃパンツ,南瓜裤,灯笼裤"
spoon,0,17984,"スプーン,숟가락,匙"
head_out_of_frame,0,17964,"目元より下で切り出すとエロいらしい,目元より下で切り出すとエ口いらしい"
pinafore_dress,0,17964,"ピナフォア,ジャンパースカート,无袖连衣裙"
alternate_hair_length,0,17928,"ロング化,ショート化,長髪けもフレ"
star-shaped_pupils,0,17888,目が星
yellow_halo,0,17868,
bodystocking,0,17844,全身タイツ
cross-laced_clothes,0,17840,
hime_cut,0,17839,"姫カット,姬发式"
blue_theme,0,17837,"青,青い,青色,青の衝撃"
ofuda,0,17792,"御札,神符"
=_=,0,17771,"コメくいてー顔,糸目"
hands_in_pockets,0,17767,
mario_(series),3,17741,"マリオシリーズ,スーパーマリオ,MarioBros"
4boys,0,17727,
body_fur,0,17689,
symbol_in_eye,0,17681,
facing_away,0,17670,"後姿,背影"
on_couch,0,17634,ソファの上
bound_wrists,0,17596,"手枷,手かせ"
branch,0,17584,枝
holding_bottle,0,17529,
ganyu_(genshin_impact),4,17520,"甘雨,甘雨(原神),Ganyu"
single_bare_shoulder,0,17518,
arched_back,0,17440,"仰け反り絶頂,腰前屈,伸腰,伸懒腰"
arrow_(symbol),0,17430,
gift_box,0,17429,
heart_censor,0,17429,
black_sclera,0,17414,黒白目
spear,0,17376,槍
toaru_majutsu_no_index,3,17370,"とある魔術の禁書目録,魔法禁书目录"
k-on!,3,17341,"けいおん!,けいおん,けいおん!!,轻音少女,ぼっち・ざ・けいおん!,keion"
orange_bow,0,17324,
jumping,0,17276,ジャンプ
6+boys,0,17252,
mecha_pilot_suit,0,17240,
winter_uniform,0,17237,冬服
cow_print,0,17235,牛柄ビキニ
chopsticks,0,17186,"箸,筷子"
nose,0,17182,
potted_plant,0,17155,"植木,鉢植え"
music,0,17126,
tube_top,0,17099,"チューブトップ,裹胸"
grey_dress,0,17096,
blue_hairband,0,17096,
purple_gloves,0,17089,
brown_shirt,0,17057,
emphasis_lines,0,17052,集中線
adjusting_eyewear,0,17028,眼鏡に手
dragon,0,16970,"ドラゴン,ドラゴン化,竜姦,드래곤"
onsen,0,16968,"温泉,露天風呂"
leaning_back,0,16966,のけぞる
zoom_layer,0,16963,
crotch_seam,0,16944,センターシーム
project_moon,3,16934,"projectmoon,projmoon,프로젝트문,프문,プロジェクトムーン,プロムン,月亮计划"
midriff_peek,0,16931,"腹チラ,魅惑の腹チラ"
fork,0,16892,"フォーク,포크,餐叉"
highleg_one-piece_swimsuit,0,16890,スーパーハイレグ
camera,0,16851,カメラ
strawberry,0,16804,"苺,莓,いちご,イチゴ,ストロベリー,草莓"
shared_bathing,0,16802,
covered_mouth,0,16769,
toeless_legwear,0,16740,露趾袜
outstretched_hand,0,16726,张手
claw_pose,0,16722,ガオー
bow_(weapon),0,16719,弓
size_difference,0,16715,"体格差,サイズフェチ"
id_card,0,16695,"学生証,身分証"
abyssal_ship,0,16680,"深海棲艦,深海棲艦化"
antlers,0,16676,
cheerleader,0,16647,"チアリーダー,チアガール,啦啦队员"
white_capelet,0,16640,
beanie,0,16611,
sailor_shirt,0,16602,
akemi_homura,4,16576,"暁美ほむら,ほむまど,まどほむ,ほむさや,さやほむ,メガほむ,ほむほむ,ほむ杏,杏ほむ,ほむあん,あんほむ,マミほむ,ほむマミ,変態ほむらさん,晓美焰,homura,akemihomura,homura_akemi,homurakemi,madohomu,homumado"
shota,0,16539,"ショタ,おねショタ,ショタおね,ママショタ,おばショタ,正太,shota,shotacon,ショタコン,ロリショタ,ケモショタ,ぷにショタ,しょた,デブショタ,ショタ攻め,ショタエルフ,巨根ショタ,ふたショタ,翔太,쇼타,ロボショタ,なにこれ男の子かわいい,裸足男子"
underwater,0,16529,水中
food-themed_hair_ornament,0,16490,
floral_background,0,16488,
flipped_hair,0,16468,"外ハネ,外はね"
pom_pom_(cheerleading),0,16441,
fighting_stance,0,16422,
hong_meiling,4,16410,"ちちゅーごく,紅美鈴,红美铃,홍메이링,메이링,ゆっくりめーりん,めーりん,美鈴"
pool,0,16402,"プール,游泳池,泳池"
mask_on_head,0,16399,
name_tag,0,16374,"📛,名札,ネームプレート,ネーム,なふだ"
after_vaginal,0,16359,
half_gloves,0,16328,
clitoris,0,16325,"クリトリス,陰核,女の子のおちんちん,阴蒂,阴核"
android,0,16312,"アンドロイド,メカバレ"
brown_dress,0,16307,
smoking,0,16302,"くわえタバコ,煙草,喫煙"
gagged,0,16299,
pulling_own_clothes,0,16253,
lactation,0,16251,"母乳,搾乳,噴乳,모유"
dragon_ball,3,16242,"ドラゴンボール,드래곤볼,七龙珠,七龍珠,DB,dragon_ball,dragonball,ドラゴンボールイラスト,dragonballfanart"
food_in_mouth,0,16241,
holding_tray,0,16212,端着托盘
tachi-e,0,16207,"立ち絵,立绘"
love_live!_sunshine!!,3,16157,"ラブライブ!サンシャイン!!,ラブライブサンシャイン,Aqours"
purple_bikini,0,16134,紫ビキニ
kono_subarashii_sekai_ni_shukufuku_wo!,3,16130,"この素晴らしい世界に祝福を!,このすば,为美好的世界献上祝福!,この素晴らしい世界に祝福を"
ahegao,0,16126,"アヘ顔,アヘ顔ダブルピース,アホ顔"
zipper_pull_tab,0,16123,
folded_ponytail,0,16123,
sportswear,0,16094,"スポーツウェア,トレーニングウェア"
door,0,16090,"扉,ドア"
petticoat,0,16083,"ペチコート,페티코트"
pixel_art,0,16080,"ドット絵,ドット,pixelart,pixel,像素画,ピクセルアート"
furry_male,0,16065,"ケモショタ,オスケモ,ケモノ,獣人,ケモホモ"
fish_tail,0,16056,
bare_back,0,16010,ベアバック
hair_over_eyes,0,15980,"両目隠れ,メカクレ,前髪に目が隠れてるの正義"
kaname_madoka,4,15972,"鹿目まどか,まどほむ,ほむまど,まどマミ,マミまど,まどさや,さやまど,鹿目圆,鹿目圓,madoka,kanamemadoka,madokakaname,madoka_kaname,madohomu,homumado"
saigyouji_yuyuko,4,15972,"西行寺幽々子,幽々子,西行寺幽幽子,幽幽子,사이교우지유유코,유유코"
fate/apocrypha,3,15948,"Fate/Apocrypha,FateApocrypha,アポクリファ"
guilty_gear,3,15936,"ギルティギア,罪恶装备,길티기어,GuiltyGear"
scales,0,15898,"鱗,鳞,鱼鳞,鳞片,うろこ,ウロコ"
two-tone_dress,0,15896,
cow_ears,0,15895,牛耳
pleated_dress,0,15894,
assault_rifle,0,15863,"アサルトライフル,突撃銃,Sturmgewehr"
mash_kyrielight,4,15840,"マシュ・キリエライト,ドスケベ礼装,デンジャラス・ビースト,マシュケベ礼装,シールダー,マシュ,マシュキリエライト,玛修·基列莱特,玛修,真白キリエ"
holding_fan,0,15811,
blanket,0,15802,毛布
folding_fan,0,15779,"折扇,扇子"
food_on_face,0,15776,
korean_text,0,15762,"韓国語,한국어,한글,ハングル"
snake,0,15746,"蛇,ヘビ,へび,뱀"
summer_uniform,0,15724,夏服
nipple_slip,0,15712,"胸チラ,乳首チラ"
miko,0,15690,"巫女,巫女服,ミニスカ巫女,miko"
classroom,0,15676,"教室,교실"
bang_dream!,3,15659,"BanG_Dream!,バンドリ,ガルパ,バンドリーム,BanGDream,BanGDream!,Bandoriart,Bandori,bang_dream"
hand_on_headwear,0,15654,帽子に手
sun,0,15652,太陽
duel_monster,0,15642,"遊戯王OCG,遊戯王ファンアート,遊戯王ラッシュデュエル,ラッシュデュエル,OCGファンアート,効果モンスター,サイバース族,蟲惑魔,Evil★Twin,Live☆Twin,機械族,YuGiOhTCG"
realistic,0,15641,リアル絵
arm_strap,0,15639,
bookshelf,0,15633,本棚
covered_eyes,0,15633,
warrior_of_light_(ff14),4,15587,"光之战士,光の戦士(FF14)"
chinese_text,0,15568,"中国語,중국어,中文,漢語,汉语,華語,华语,普通話,普通话,chinese_language"
black_kimono,0,15559,
habit,0,15511,修道服
w,0,15493,
alternate_color,0,15480,"色違い,東方色違娘"
mature_male,0,15458,"dilf,uncle,おじさん,大叔,オッサン,おっさん,オヤジ"
re:zero_kara_hajimeru_isekai_seikatsu,3,15457,"Re:ゼロから始める異世界生活,Reゼロ,腐ゼロ,リゼロ,리제로"
nipple_tweak,0,15426,"チクニー,乳首オナニー,乳首責め,乳首イキ,玩弄乳头"
patreon_logo,0,15401,
blunt_ends,0,15384,
apple,0,15380,"林檎,りんご,アップル,蘋果,苹果"
unbuttoned,0,15378,
sunflower,0,15271,"向日葵,ひまわり,ヒマワリ"
pokemon_sm,3,15270,"ポケモンSM,サン&ムーン,ポケットモンスターサン,ポケットモンスタームーン,ポケットモンスターSM,ポケットモンスターサン・ムーン,ポケモンサン・ムーン,ポケモンサンムーン"
lowleg,0,15265,
round_teeth,0,15256,
blue_thighhighs,0,15249,
sousou_no_frieren,3,15238,"葬送のフリーレン,葬送のフリーレンFA,フリーレン,フリーレンFA,葬送的芙莉莲,프리렌,FrierenBeyondJourneysEnd"
car,0,15235,"車,车,车辆,自動車,汽车,スポーツカー,カーイラスト,机动车,改造車,外車,クルマ"
joints,0,15230,関節
shimakaze_(kancolle),4,15230,"島風(艦隊これくしょん),島風(艦これ),島風,ぜかまし,しまかぜ,ぜかましり,なにこれぜかましい,岛风"
spoken_question_mark,0,15227,
inverted_nipples,0,15208,陥没乳首
brown_hat,0,15207,
gangbang,0,15192,"輪姦,輪フェラ,腕押さえ輪姦"
red_choker,0,15192,
kaenbyou_rin,4,15188,"火焔猫燐,お燐,火焰猫燐,카엔뵤린,火炎猫燐"
layered_sleeves,0,15186,
lace-up_boots,0,15179,"編み上げブーツ,レースアップブーツ"
highleg_bikini,0,15170,
bird_wings,0,15169,
ear_ornament,0,15138,
print_kimono,0,15120,
pen,0,15110,"ペン,펜,筆"
white_choker,0,15105,
angel,0,15104,天使
two-sided_fabric,0,15085,裏地
arm_under_breasts,0,15077,
grey_pants,0,15073,
fishnet_thighhighs,0,15052,網タイツ
raiden_shogun,4,15051,"雷神バアル,雷電将軍,雷电将军,雷電将軍(原神),raidenshogun,雷電將軍,雷電影,Baal,巴尔,EiMiko,RaidenEi"
holding_polearm,0,15044,
thighlet,0,15038,
yakumo_ran,4,15031,"八雲藍,けしか藍,야쿠모란,란,八云蓝"
emblem,0,15020,エンブレム
fairy_wings,0,15012,
blue_neckerchief,0,15011,
wet_shirt,0,15004,"透けブラ,スケブラ"
anchor_symbol,0,14995,
ankle_boots,0,14987,アンクルブーツ
tabi,0,14979,足袋
split_mouth,0,14958,
bun_cover,0,14947,
controller,0,14930,
naked_shirt,0,14917,"裸シャツ,裸Yシャツ,裸ワイシャツ,裸Tシャツ"
torn_thighhighs,0,14911,破洞丝袜
leg_lift,0,14864,
copyright_notice,0,14858,"©,®"
doll,0,14833,"人形,인형,玩偶,ドール,お人形さん"